,Year,Draw,Country,Artist,Song,Language,Place,Points
0,1956,01,Netherlands,Jetty Paerl,De vogels van Holland,Dutch,,
1,1956,02,Switzerland,Lys Assia,Das alte Karussell,German,,
2,1956,03,Belgium,Fud Leclerc,Messieurs les noyés de la Seine,French,,
3,1956,04,Germany,Walter Andreas Schwarz,Im Wartesaal zum großen Glück,German,,
4,1956,05,France,Mathé Altéry,Le temps perdu,French,,
5,1956,06,Luxembourg,Michèle Arnaud,Ne crois pas,French,,
6,1956,07,Italy,Franca Raimondi,Aprite le finestre,Italian,,
7,1956,08,Netherlands,Corry Brokken,Voorgoed voorbij,Dutch,,
8,1956,09,Switzerland,Lys Assia,Refrain,French,,
9,1956,10,Belgium,Mony Marc,Le plus beau jour de ma vie,French,,
10,1956,11,Germany,Freddy Quinn,So geht das jede Nacht,German,,
11,1956,12,France,Dany Dauberson,Il est là,French,,
12,1956,13,Luxembourg,Michèle Arnaud,Les amants de minuit,French,,
13,1956,14,Italy,Tonina Torrielli,Amami se vuoi,Italian,,
0,1957,01,Belgium,Bobbejaan Schoepen,Straatdeuntje,Dutch,8,5
1,1957,02,Luxembourg,Danièle Dupré,Amours mortes (tant de peine),French,4,8
2,1957,03,United Kingdom,Patricia Bredin,All,English,7,6
3,1957,04,Italy,Nunzio Gallo,Corde della mia chitarra,Italian,6,7
4,1957,05,Austria,Bob Martin,"Wohin, kleines Pony?",German,10,3
5,1957,06,Netherlands,Corry Brokken,Net als toen,Dutch,1,31
6,1957,07,Germany,Margot Hielscher,"Telefon, Telefon",German,4,8
7,1957,08,France,Paule Desjardins,La belle amour,French,2,17
8,1957,09,Denmark,Birthe Wilke and Gustav Winckler,Skibet skal sejle i nat,Danish,3,10
9,1957,10,Switzerland,Lys Assia,L'enfant que j'étais,French,8,5
0,1958,01,Italy,Domenico Modugno,"Nel blu, dipinto di blu",Italian,3,13
1,1958,02,Netherlands,Corry Brokken,Heel de wereld,Dutch,9,1
2,1958,03,France,André Claveau,"Dors, mon amour",French,1,27
3,1958,04,Luxembourg,Solange Berry,Un grand amour,French,9,1
4,1958,05,Sweden,Alice Babs,Lilla stjärna,Swedish,4,10
5,1958,06,Denmark,Raquel Rastenni,Jeg rev et blad ud af min dagbog,Danish,8,3
6,1958,07,Belgium,Fud Leclerc,Ma petite chatte,French,5,8
7,1958,08,Germany,Margot Hielscher,Für zwei Groschen Musik,German,7,5
8,1958,09,Austria,Liane Augustin,Die ganze Welt braucht Liebe,German,5,8
9,1958,10,Switzerland,Lys Assia,Giorgio,"German, Italian",2,24
0,1959,01,France,Jean Philippe,"Oui, oui, oui, oui",French,3,15
1,1959,02,Denmark,Birthe Wilke,"Uh, jeg ville ønske jeg var dig",Danish,5,12
2,1959,03,Italy,Domenico Modugno,"Piove (Ciao, ciao bambina)",Italian,6,9
3,1959,04,Monaco,Jacques Pills,Mon ami Pierrot,French,11,1
4,1959,05,Netherlands,Teddy Scholten,Een beetje,Dutch,1,21
5,1959,06,Germany,Alice and Ellen Kessler,Heute Abend wollen wir tanzen geh'n,German,8,5
6,1959,07,Sweden,Brita Borg,Augustin,Swedish,9,4
7,1959,08,Switzerland,Christa Williams,Irgendwoher,German,4,14
8,1959,09,Austria,Ferry Graf,Der K und K Kalypso aus Wien,German,9,4
9,1959,10,United Kingdom,Pearl Carr and Teddy Johnson,"Sing, Little Birdie",English,2,16
10,1959,11,Belgium,Bob Benny,Hou toch van mij,Dutch,6,9
0,1960,01,United Kingdom,Bryan Johnson,"Looking High, High, High",English,2,25
1,1960,02,Sweden,Siw Malmkvist,Alla andra får varann,Swedish,10,4
2,1960,03,Luxembourg,Camillo Felgen,So laang we's du do bast,Luxembourgish,13,1
3,1960,04,Denmark,Katy Bødtger,Det var en yndig tid,Danish,10,4
4,1960,05,Belgium,Fud Leclerc,Mon amour pour toi,French,6,9
5,1960,06,Norway,Nora Brockstedt,Voi Voi,Norwegian,4,11
6,1960,07,Austria,Harry Winter,Du hast mich so fasziniert,German,7,6
7,1960,08,Monaco,François Deguelt,Ce soir-là,French,3,15
8,1960,09,Switzerland,Anita Traversi,Cielo e terra,Italian,8,5
9,1960,10,Netherlands,Rudi Carrell,Wat een geluk,Dutch,12,2
10,1960,11,Germany,Wyn Hoop,Bonne nuit ma chérie,German,4,11
11,1960,12,Italy,Renato Rascel,Romantica,Italian,8,5
12,1960,13,France,Jacqueline Boyer,Tom Pillibi,French,1,32
0,1961,01,Spain,Conchita Bautista,Estando contigo,Spanish,9,8
1,1961,02,Monaco,Colette Deréal,"Allons, allons les enfants",French,10,6
2,1961,03,Austria,Jimmy Makulis,Sehnsucht,German,15,1
3,1961,04,Finland,Laila Kinnunen,Valoa ikkunassa,Finnish,10,6
4,1961,05,Yugoslavia,Ljiljana Petrović,Neke davne zvezde (Неке давне звезде),Serbo-Croatian,8,9
5,1961,06,Netherlands,Greetje Kauffeld,Wat een dag,Dutch,10,6
6,1961,07,Sweden,Lill-Babs,"April, april",Swedish,14,2
7,1961,08,Germany,Lale Andersen,Einmal sehen wir uns wieder,"German, French",13,3
8,1961,09,France,Jean-Paul Mauric,"Printemps, avril carillonne",French,4,13
9,1961,10,Switzerland,Franca di Rienzo,Nous aurons demain,French,3,16
10,1961,11,Belgium,Bob Benny,"September, gouden roos",Dutch,15,1
11,1961,12,Norway,Nora Brockstedt,Sommer i Palma,Norwegian,7,10
12,1961,13,Denmark,Dario Campeotto,Angelique,Danish,5,12
13,1961,14,Luxembourg,Jean-Claude Pascal,Nous les amoureux,French,1,31
14,1961,15,United Kingdom,The Allisons,Are You Sure?,English,2,24
15,1961,16,Italy,Betty Curtis,Al di là,Italian,5,12
0,1962,01,Finland,Marion Rung,Tipi-tii,Finnish,7,4
1,1962,02,Belgium,Fud Leclerc,Ton nom,French,13,0
2,1962,03,Spain,Victor Balaguer,Llámame,Spanish,13,0
3,1962,04,Austria,Eleonore Schwarz,Nur in der Wiener Luft,German,13,0
4,1962,05,Denmark,Ellen Winther,Vuggevise,Danish,10,2
5,1962,06,Sweden,Inger Berggren,Sol och vår,Swedish,7,4
6,1962,07,Germany,Conny Froboess,Zwei kleine Italiener,German,6,9
7,1962,08,Netherlands,De Spelbrekers,Katinka,Dutch,13,0
8,1962,09,France,Isabelle Aubret,Un premier amour,French,1,26
9,1962,10,Norway,Inger Jacobsen,"Kom sol, kom regn",Norwegian,10,2
10,1962,11,Switzerland,Jean Philippe,Le retour,French,10,2
11,1962,12,Yugoslavia,Lola Novaković,Ne pali svetla u sumrak (Не пали светла у сумрак),Serbo-Croatian,4,10
12,1962,13,United Kingdom,Ronnie Carroll,Ring-a-Ding Girl,English,4,10
13,1962,14,Luxembourg,Camillo Felgen,Petit bonhomme,French,3,11
14,1962,15,Italy,Claudio Villa,"Addio, addio",Italian,9,3
15,1962,16,Monaco,François Deguelt,Dis rien,French,2,13
0,1963,01,United Kingdom,Ronnie Carroll,Say Wonderful Things,English,4,28
1,1963,02,Netherlands,Annie Palmen,Een speeldoos,Dutch,13,0
2,1963,03,Germany,Heidi Brühl,Marcel,German,9,5
3,1963,04,Austria,Carmela Corren,Vielleicht geschieht ein Wunder,"German, English",7,16
4,1963,05,Norway,Anita Thallaug,Solhverv,Norwegian,13,0
5,1963,06,Italy,Emilio Pericoli,Uno per tutte,Italian,3,37
6,1963,07,Finland,Laila Halme,Muistojeni laulu,Finnish,13,0
7,1963,08,Denmark,Grethe and Jørgen Ingmann,Dansevise,Danish,1,42
8,1963,09,Yugoslavia,Vice Vukov,Brodovi (Бродови),Serbo-Croatian,11,3
9,1963,10,Switzerland,Esther Ofarim,T'en va pas,French,2,40
10,1963,11,France,Alain Barrière,Elle était si jolie,French,5,25
11,1963,12,Spain,José Guardiola,Algo prodigioso,Spanish,12,2
12,1963,13,Sweden,Monica Zetterlund,En gång i Stockholm,Swedish,13,0
13,1963,14,Belgium,Jacques Raymond,Waarom?,Dutch,10,4
14,1963,15,Monaco,Françoise Hardy,L'amour s'en va,French,5,25
15,1963,16,Luxembourg,Nana Mouskouri,À force de prier,French,8,13
0,1964,01,Luxembourg,Hugues Aufray,Dès que le printemps revient,French,4,14
1,1964,02,Netherlands,Anneke Grönloh,Jij bent mijn leven,Dutch,10,2
2,1964,03,Norway,Arne Bendiksen,Spiral,Norwegian,8,6
3,1964,04,Denmark,Bjørn Tidmand,Sangen om dig,Danish,9,4
4,1964,05,Finland,Lasse Mårtenson,Laiskotellen,Finnish,7,9
5,1964,06,Austria,Udo Jürgens,"Warum nur, warum?",German,6,11
6,1964,07,France,Rachel,Le Chant de Mallory,French,4,14
7,1964,08,United Kingdom,Matt Monro,I Love the Little Things,English,2,17
8,1964,09,Germany,Nora Nova,Man gewöhnt sich so schnell an das Schöne,German,13,0
9,1964,10,Monaco,Romuald,Où sont-elles passées,French,3,15
10,1964,11,Portugal,António Calvário,Oração,Portuguese,13,0
11,1964,12,Italy,Gigliola Cinquetti,Non ho l'età,Italian,1,49
12,1964,13,Yugoslavia,Sabahudin Kurt,Život je sklopio krug (Живот је склопио круг),Serbo-Croatian,13,0
13,1964,14,Switzerland,Anita Traversi,I miei pensieri,Italian,13,0
14,1964,15,Belgium,Robert Cogoi,Près de ma rivière,French,10,2
15,1964,16,Spain,"Tim, Nelly and Tony",Caracola,Spanish,12,1
0,1965,01,Netherlands,Conny Vandenbos,'t Is genoeg,Dutch,11,5
1,1965,02,United Kingdom,Kathy Kirby,I Belong,English,2,26
2,1965,03,Spain,Conchita Bautista,"¡Qué bueno, qué bueno!",Spanish,15,0
3,1965,04,Ireland,Butch Moore,Walking the Streets in the Rain,English,6,11
4,1965,05,Germany,Ulla Wiesner,"Paradies, wo bist du?",German,15,0
5,1965,06,Austria,Udo Jürgens,"Sag ihr, ich lass sie grüßen",German,4,16
6,1965,07,Norway,Kirsti Sparboe,Karusell,Norwegian,13,1
7,1965,08,Belgium,Lize Marke,Als het weer lente is,Dutch,15,0
8,1965,09,Monaco,Marjorie Noël,Va dire à l'amour,French,9,7
9,1965,10,Sweden,Ingvar Wixell,Absent Friend,English,10,6
10,1965,11,France,Guy Mardel,N'avoue jamais,French,3,22
11,1965,12,Portugal,Simone de Oliveira,Sol de inverno,Portuguese,13,1
12,1965,13,Italy,Bobby Solo,"Se piangi, se ridi",Italian,5,15
13,1965,14,Denmark,Birgit Brüel,For din skyld,Danish,7,10
14,1965,15,Luxembourg,France Gall,"Poupée de cire, poupée de son",French,1,32
15,1965,16,Finland,Viktor Klimenko,Aurinko laskee länteen,Finnish,15,0
16,1965,17,Yugoslavia,Vice Vukov,Čežnja (Чежња),Serbo-Croatian,12,2
17,1965,18,Switzerland,Yovanna,"Non, à jamais sans toi",French,8,8
0,1966,01,Germany,Margot Eskens,Die Zeiger der Uhr,German,10,7
1,1966,02,Denmark,Ulla Pia,Stop – mens legen er go',Danish,14,4
2,1966,03,Belgium,Tonia,"Un peu de poivre, un peu de sel",French,4,14
3,1966,04,Luxembourg,Michèle Torr,Ce soir je t'attendais,French,10,7
4,1966,05,Yugoslavia,Berta Ambrož,Brez besed,Slovene,7,9
5,1966,06,Norway,Åse Kleveland,Intet er nytt under solen,Norwegian,3,15
6,1966,07,Finland,Ann-Christine Nyström,Playboy,Finnish,10,7
7,1966,08,Portugal,Madalena Iglésias,Ele e ela,Portuguese,13,6
8,1966,09,Austria,Udo Jürgens,"Merci, Chérie",German,1,31
9,1966,10,Sweden,Lill Lindfors and Svante Thuresson,Nygammal vals,Swedish,2,16
10,1966,11,Spain,Raphael,Yo soy aquél,Spanish,7,9
11,1966,12,Switzerland,Madeleine Pascal,Ne vois-tu pas ?,French,6,12
12,1966,13,Monaco,Téréza,Bien plus fort,French,17,0
13,1966,14,Italy,Domenico Modugno,"Dio, come ti amo",Italian,17,0
14,1966,15,France,Dominique Walter,Chez nous,French,16,1
15,1966,16,Netherlands,Milly Scott,Fernando en Filippo,Dutch,15,2
16,1966,17,Ireland,Dickie Rock,Come Back to Stay,English,4,14
17,1966,18,United Kingdom,Kenneth McKellar,A Man Without Love,English,9,8
0,1967,01,Netherlands,Thérèse Steinmetz,Ring-dinge-ding,Dutch,14,2
1,1967,02,Luxembourg,Vicky,L'amour est bleu,French,4,17
2,1967,03,Austria,Peter Horton,Warum es hunderttausend Sterne gibt,German,14,2
3,1967,04,France,Noëlle Cordier,Il doit faire beau là-bas,French,3,20
4,1967,05,Portugal,Eduardo Nascimento,O vento mudou,Portuguese,12,3
5,1967,06,Switzerland,Géraldine,Quel cœur vas-tu briser ?,French,17,0
6,1967,07,Sweden,Östen Warnerbring,Som en dröm,Swedish,8,7
7,1967,08,Finland,Fredi,Varjoon – suojaan,Finnish,12,3
8,1967,09,Germany,Inge Brück,Anouschka,German,8,7
9,1967,10,Belgium,Louis Neefs,Ik heb zorgen,Dutch,7,8
10,1967,11,United Kingdom,Sandie Shaw,Puppet on a String,English,1,47
11,1967,12,Spain,Raphael,Hablemos del amor,Spanish,6,9
12,1967,13,Norway,Kirsti Sparboe,Dukkemann,Norwegian,14,2
13,1967,14,Monaco,Minouche Barelli,Boum-Badaboum,French,5,10
14,1967,15,Yugoslavia,Lado Leskovar,Vse rože sveta,Slovene,8,7
15,1967,16,Italy,Claudio Villa,Non andare più lontano,Italian,11,4
16,1967,17,Ireland,Sean Dunphy,If I Could Choose,English,2,22
0,1968,01,Portugal,Carlos Mendes,Verão,Portuguese,11,5
1,1968,02,Netherlands,Ronnie Tober,Morgen,Dutch,16,1
2,1968,03,Belgium,Claude Lombard,Quand tu reviendras,French,7,8
3,1968,04,Austria,Karel Gott,Tausend Fenster,German,13,2
4,1968,05,Luxembourg,Chris Baldo and Sophie Garel,Nous vivrons d'amour,French,11,5
5,1968,06,Switzerland,Gianni Mascolo,Guardando il sole,Italian,13,2
6,1968,07,Monaco,Line and Willy,À chacun sa chanson,French,7,8
7,1968,08,Sweden,Claes-Göran Hederström,"Det börjar verka kärlek, banne mig",Swedish,5,15
8,1968,09,Finland,Kristina Hautala,Kun kello käy,Finnish,16,1
9,1968,10,France,Isabelle Aubret,La source,French,3,20
10,1968,11,Italy,Sergio Endrigo,Marianne,Italian,10,7
11,1968,12,United Kingdom,Cliff Richard,Congratulations,English,2,28
12,1968,13,Norway,Odd Børre,Stress,Norwegian,13,2
13,1968,14,Ireland,Pat McGeegan,Chance of a Lifetime,English,4,18
14,1968,15,Spain,Massiel,"La, la, la",Spanish,1,29
15,1968,16,Germany,Wencke Myrhe,Ein Hoch der Liebe,German,6,11
16,1968,17,Yugoslavia,Luci Capurso and Hamo Hajdarhodžić,Jedan dan (Један дан),Serbo-Croatian,7,8
0,1969,01,Yugoslavia,Ivan and 4M,Pozdrav svijetu (Поздрав свијету),Serbo-Croatian,13,5
1,1969,02,Luxembourg,Romuald,Catherine,French,11,7
2,1969,03,Spain,Salomé,Vivo cantando,Spanish,1,18
3,1969,04,Monaco,Jean Jacques,"Maman, maman",French,6,11
4,1969,05,Ireland,Muriel Day and the Lindsays,The Wages of Love,English,7,10
5,1969,06,Italy,Iva Zanicchi,Due grosse lacrime bianche,Italian,13,5
6,1969,07,United Kingdom,Lulu,Boom Bang-a-Bang,English,1,18
7,1969,08,Netherlands,Lenny Kuhr,De troubadour,Dutch,1,18
8,1969,09,Sweden,Tommy Körberg,"Judy, min vän",Swedish,9,8
9,1969,10,Belgium,Louis Neefs,Jennifer Jennings,Dutch,7,10
10,1969,11,Switzerland,Paola del Medico,"Bonjour, Bonjour",German,5,13
11,1969,12,Norway,Kirsti Sparboe,"Oj, oj, oj, så glad jeg skal bli",Norwegian,16,1
12,1969,13,Germany,Siw Malmkvist,Primaballerina,German,9,8
13,1969,14,France,Frida Boccara,"Un jour, un enfant",French,1,18
14,1969,15,Portugal,Simone de Oliveira,Desfolhada portuguesa,Portuguese,15,4
15,1969,16,Finland,Jarkko and Laura,Kuin silloin ennen,Finnish,12,6
0,1970,01,Netherlands,Patricia and Hearts of Soul,Waterman,Dutch,7,7
1,1970,02,Switzerland,Henri Dès,Retour,French,4,8
2,1970,03,Italy,Gianni Morandi,Occhi di ragazza,Italian,8,5
3,1970,04,Yugoslavia,Eva Sršen,"Pridi, dala ti bom cvet",Slovene,11,4
4,1970,05,Belgium,Jean Vallée,Viens l'oublier,French,8,5
5,1970,06,France,Guy Bonnet,Marie-Blanche,French,4,8
6,1970,07,United Kingdom,Mary Hopkin,"Knock, Knock Who's There?",English,2,26
7,1970,08,Luxembourg,David Alexandre Winter,Je suis tombé du ciel,French,12,0
8,1970,09,Spain,Julio Iglesias,Gwendolyne,Spanish,4,8
9,1970,10,Monaco,Dominique Dussault,Marlène,French,8,5
10,1970,11,Germany,Katja Ebstein,Wunder gibt es immer wieder,German,3,12
11,1970,12,Ireland,Dana,All Kinds of Everything,English,1,32
0,1971,01,Austria,Marianne Mendt,Musik,Viennese German,16,66
1,1971,02,Malta,Joe Grech,Marija l-Maltija,Maltese,18,52
2,1971,03,Monaco,Séverine,"Un banc, un arbre, une rue",French,1,128
3,1971,04,Switzerland,"Peter, Sue and Marc",Les Illusions de nos vingt ans,French,12,78
4,1971,05,Germany,Katja Ebstein,Diese Welt,German,3,100
5,1971,06,Spain,Karina,En un mundo nuevo,Spanish,2,116
6,1971,07,France,Serge Lama,Un jardin sur la terre,French,10,82
7,1971,08,Luxembourg,Monique Melsen,"Pomme, pomme, pomme",French,13,70
8,1971,09,United Kingdom,Clodagh Rodgers,Jack in the Box,English,4,98
9,1971,10,Belgium,Lily Castel and Jacques Raymond,"Goeiemorgen, morgen",Dutch,14,68
10,1971,11,Italy,Massimo Ranieri,L'amore è un attimo,Italian,5,91
11,1971,12,Sweden,Family Four,Vita vidder,Swedish,6,85
12,1971,13,Ireland,Angela Farrell,One Day Love,English,11,79
13,1971,14,Netherlands,Saskia and Serge,Tijd,Dutch,6,85
14,1971,15,Portugal,Tonicha,Menina do alto da serra,Portuguese,9,83
15,1971,16,Yugoslavia,Krunoslav Slabinac,Tvoj dječak je tužan (Твој дјечак је тужан),Serbo-Croatian,14,68
16,1971,17,Finland,Markku Aro and Koivistolaiset,Tie uuteen päivään,Finnish,8,84
17,1971,18,Norway,Hanne Krogh,Lykken er,Norwegian,17,65
0,1972,01,Germany,Mary Roos,Nur die Liebe läßt uns leben,German,3,107
1,1972,02,France,Betty Mars,Comé-comédie,French,11,81
2,1972,03,Ireland,Sandie Jones,Ceol an Ghrá,Irish,15,72
3,1972,04,Spain,Jaime Morey,Amanece,Spanish,10,83
4,1972,05,United Kingdom,The New Seekers,"Beg, Steal or Borrow",English,2,114
5,1972,06,Norway,Grethe Kausland and Benny Borg,Småting,Norwegian,14,73
6,1972,07,Portugal,Carlos Mendes,A festa da vida,Portuguese,7,90
7,1972,08,Switzerland,Véronique Müller,C'est la chanson de mon amour,French,8,88
8,1972,09,Malta,Helen and Joseph,L-imħabba,Maltese,18,48
9,1972,10,Finland,Päivi Paunu and Kim Floor,Muistathan,Finnish,12,78
10,1972,11,Austria,Milestones,Falter im Wind,German,5,100
11,1972,12,Italy,Nicola Di Bari,I giorni dell'arcobaleno,Italian,6,92
12,1972,13,Yugoslavia,Tereza Kesovija,Muzika i ti (Музика и ти),Serbo-Croatian,9,87
13,1972,14,Sweden,Family Four,Härliga sommardag,Swedish,13,75
14,1972,15,Monaco,Anne-Marie Godart and Peter MacLane,Comme on s'aime,French,16,65
15,1972,16,Belgium,Serge and Christine Ghisoland,À la folie ou pas du tout,French,17,55
16,1972,17,Luxembourg,Vicky Leandros,Après toi,French,1,128
17,1972,18,Netherlands,Sandra and Andres,Als het om de liefde gaat,Dutch,4,106
0,1973,01,Finland,Marion Rung,Tom Tom Tom,English,6,93
1,1973,02,Belgium,Nicole and Hugo,"Baby, Baby",Dutch,17,58
2,1973,03,Portugal,Fernando Tordo,Tourada,Portuguese,10,80
3,1973,04,Germany,Gitte,Junger Tag,German,8,85
4,1973,05,Norway,Bendik Singers,It's Just a Game,"English, French",7,89
5,1973,06,Monaco,Marie,Un train qui part,French,8,85
6,1973,07,Spain,Mocedades,Eres tú,Spanish,2,125
7,1973,08,Switzerland,Patrick Juvet,"Je vais me marier, Marie",French,12,79
8,1973,09,Yugoslavia,Zdravko Čolić,Gori vatra (Гори ватра),Serbo-Croatian,15,65
9,1973,10,Italy,Massimo Ranieri,Chi sarà con te,Italian,13,74
10,1973,11,Luxembourg,Anne-Marie David,Tu te reconnaîtras,French,1,129
11,1973,12,Sweden,The Nova and the Dolls,You're Summer,English,5,94
12,1973,13,Netherlands,Ben Cramer,De oude muzikant,Dutch,14,69
13,1973,14,Ireland,Maxi,Do I Dream,English,10,80
14,1973,15,United Kingdom,Cliff Richard,Power to All Our Friends,English,3,123
15,1973,16,France,Martine Clémenceau,Sans toi,French,15,65
16,1973,17,Israel,Ilanit,Ey Sham (אי שם),Hebrew,4,97
0,1974,01,Finland,Carita,Keep Me Warm,English,13,4
1,1974,02,United Kingdom,Olivia Newton-John,Long Live Love,English,4,14
2,1974,03,Spain,Peret,Canta y sé feliz,Spanish,9,10
3,1974,04,Norway,Anne-Karine Strøm and the Bendik Singers,The First Day of Love,English,14,3
4,1974,05,Greece,Marinella,"Krasi, thalassa ke t' agori mou(Κρασί, θάλασσα και τ' αγόρι μου)",Greek,11,7
5,1974,06,Israel,Poogy,Natati La Khayay (נתתי לה חיי),Hebrew,7,11
6,1974,07,Yugoslavia,Korni Grupa,Generacija '42 (Генерација '42),Serbo-Croatian,12,6
7,1974,08,Sweden,ABBA,Waterloo,English,1,24
8,1974,09,Luxembourg,Ireen Sheer,Bye Bye I Love You,French,4,14
9,1974,10,Monaco,Romuald,Celui qui reste et celui qui s'en va,French,4,14
10,1974,11,Belgium,Jacques Hustin,Fleur de liberté,French,9,10
11,1974,12,Netherlands,Mouth and MacNeal,I See a Star,English,3,15
12,1974,13,Ireland,Tina Reynolds,Cross Your Heart,English,7,11
13,1974,14,Germany,Cindy and Bert,Die Sommermelodie,German,14,3
14,1974,15,Switzerland,Piera Martell,Mein Ruf nach dir,German,14,3
15,1974,16,Portugal,Paulo de Carvalho,E depois do adeus,Portuguese,14,3
16,1974,17,Italy,Gigliola Cinquetti,Sì,Italian,2,18
0,1975,01,Netherlands,Teach-In,Ding-a-dong,English,1,152
1,1975,02,Ireland,The Swarbriggs,That's What Friends Are For,English,9,68
2,1975,03,France,Nicole Rieu,Et bonjour à toi l'artiste,French,4,91
3,1975,04,Germany,Joy Fleming,Ein Lied kann eine Brücke sein,"German, English",17,15
4,1975,05,Luxembourg,Géraldine,Toi,French,5,84
5,1975,06,Norway,Ellen Nikolaysen,Touch My Life (with Summer),English,18,11
6,1975,07,Switzerland,Simone Drexel,Mikado,German,6,77
7,1975,08,Yugoslavia,Pepel in kri,Dan ljubezni,Slovene,13,22
8,1975,09,United Kingdom,The Shadows,Let Me Be the One,English,2,138
9,1975,10,Malta,Renato,Singing This Song,English,12,32
10,1975,11,Belgium,Ann Christy,Gelukkig zijn,"Dutch, English",15,17
11,1975,12,Israel,Shlomo Artzi,At Va'Ani (את ואני),Hebrew,11,40
12,1975,13,Turkey,Semiha Yankı,Seninle Bir Dakika,Turkish,19,3
13,1975,14,Monaco,Sophie,Une chanson c'est une lettre,French,13,22
14,1975,15,Finland,Pihasoittajat,Old Man Fiddle,English,7,74
15,1975,16,Portugal,Duarte Mendes,Madrugada,Portuguese,16,16
16,1975,17,Spain,Sergio and Estíbaliz,Tú volverás,Spanish,10,53
17,1975,18,Sweden,Lasse Berghagen and the Dolls,"Jennie, Jennie",English,8,72
18,1975,19,Italy,Wess and Dori Ghezzi,Era,Italian,3,115
0,1976,01,United Kingdom,Brotherhood of Man,Save Your Kisses for Me,English,1,164
1,1976,02,Switzerland,"Peter, Sue and Marc","Djambo, Djambo",English,4,91
2,1976,03,Germany,Les Humphries Singers,Sing Sang Song,"German, English",15,12
3,1976,04,Israel,"Chocolate, Menta, Mastik",Emor Shalom (אמור שלום),Hebrew,6,77
4,1976,05,Luxembourg,Jürgen Marcus,Chansons pour ceux qui s'aiment,French,14,17
5,1976,06,Belgium,Pierre Rapsat,Judy et Cie,French,8,68
6,1976,07,Ireland,Red Hurley,When,English,10,54
7,1976,08,Netherlands,Sandra Reemer,The Party's Over,English,9,56
8,1976,09,Norway,Anne-Karine Strøm,Mata Hari,English,18,7
9,1976,10,Greece,Mariza Koch,"Panagia mou, Panagia mou (Παναγιά μου, Παναγιά μου)",Greek,13,20
10,1976,11,Finland,Fredi and the Friends,Pump-Pump,English,11,44
11,1976,12,Spain,Braulio,Sobran las palabras,Spanish,16,11
12,1976,13,Italy,Al Bano and Romina Power,We'll Live It All Again,"English, Italian",7,69
13,1976,14,Austria,Waterloo and Robinson,My Little World,English,5,80
14,1976,15,Portugal,Carlos do Carmo,Uma flor de verde pinho,Portuguese,12,24
15,1976,16,Monaco,Mary Christy,"Toi, la musique et moi",French,3,93
16,1976,17,France,Catherine Ferry,"Un, deux, trois",French,2,147
17,1976,18,Yugoslavia,Ambasadori,Ne mogu skriti svoju bol (Не могу скрити своју бол),Serbo-Croatian,17,10
0,1977,01,Ireland,The Swarbriggs Plus Two,It's Nice to Be in Love Again,English,3,119
1,1977,02,Monaco,Michèle Torr,Une petite française,French,4,96
2,1977,03,Netherlands,Heddy Lester,De mallemolen,Dutch,12,35
3,1977,04,Austria,Schmetterlinge,Boom Boom Boomerang,German,17,11
4,1977,05,Norway,Anita Skorgan,Casanova,Norwegian,14,18
5,1977,06,Germany,Silver Convention,Telegram,English,8,55
6,1977,07,Luxembourg,Anne-Marie B,Frère Jacques,French,16,17
7,1977,08,Portugal,Os Amigos,Portugal no coração,Portuguese,14,18
8,1977,09,United Kingdom,Lynsey de Paul and Mike Moran,Rock Bottom,English,2,121
9,1977,10,Greece,"Pascalis, Marianna, Robert and Bessy",Mathima solfege (Μάθημα σολφέζ),Greek,5,92
10,1977,11,Israel,Ilanit,Ahava Hi Shir Lishnayim (אהבה היא שיר לשניים),Hebrew,11,49
11,1977,12,Switzerland,Pepe Lienhard Band,Swiss Lady,German,6,71
12,1977,13,Sweden,Forbes,Beatles,Swedish,18,2
13,1977,14,Spain,Micky,Enséñame a cantar,Spanish,9,52
14,1977,15,Italy,Mia Martini,Libera,Italian,13,33
15,1977,16,Finland,Monica Aspelund,Lapponia,Finnish,10,50
16,1977,17,Belgium,Dream Express,"A Million in One, Two, Three",English,7,69
17,1977,18,France,Marie Myriam,L'oiseau et l'enfant,French,1,136
0,1978,01,Ireland,Colm C. T. Wilkinson,Born to Sing,English,5,86
1,1978,02,Norway,Jahn Teigen,Mil etter mil,Norwegian,20,0
2,1978,03,Italy,Ricchi e Poveri,Questo amore,Italian,12,53
3,1978,04,Finland,Seija Simola,Anna rakkaudelle tilaisuus,Finnish,18,2
4,1978,05,Portugal,Gemini,Dai li dou,Portuguese,17,5
5,1978,06,France,Joël Prévost,Il y aura toujours des violons,French,3,119
6,1978,07,Spain,José Vélez,Bailemos un vals,Spanish,9,65
7,1978,08,United Kingdom,Co-Co,The Bad Old Days,English,11,61
8,1978,09,Switzerland,Carole Vinci,Vivre,French,9,65
9,1978,10,Belgium,Jean Vallée,L'amour ça fait chanter la vie,French,2,125
10,1978,11,Netherlands,Harmony,'t Is OK,Dutch,13,37
11,1978,12,Turkey,Nilüfer and Nazar,Sevince,Turkish,18,2
12,1978,13,Germany,Ireen Sheer,Feuer,German,6,84
13,1978,14,Monaco,Caline and Olivier Toussaint,Les jardins de Monaco,French,4,107
14,1978,15,Greece,Tania Tsanaklidou,Charlie Chaplin (Τσάρλυ Τσάπλιν),Greek,8,66
15,1978,16,Denmark,Mabel,Boom Boom,Danish,16,13
16,1978,17,Luxembourg,Baccara,Parlez-vous français ?,French,7,73
17,1978,18,Israel,Izhar Cohen and the Alphabeta,A-Ba-Ni-Bi (א-ב-ני-בי),Hebrew,1,157
18,1978,19,Austria,Springtime,Mrs. Caroline Robinson,German,15,14
19,1978,20,Sweden,Björn Skifs,Det blir alltid värre framåt natten,Swedish,14,26
0,1979,01,Portugal,Manuela Bravo,"Sobe, sobe, balão sobe",Portuguese,9,64
1,1979,02,Italy,Matia Bazar,Raggio di luna,Italian,15,27
2,1979,03,Denmark,Tommy Seebach,Disco Tango,Danish,6,76
3,1979,04,Ireland,Cathal Dunne,Happy Man,English,5,80
4,1979,05,Finland,Katri Helena,Katson sineen taivaan,Finnish,14,38
5,1979,06,Monaco,Laurent Vaguener,Notre vie c'est la musique,French,16,12
6,1979,07,Greece,Elpida,Sokrati (Σωκράτη),Greek,8,69
7,1979,08,Switzerland,"Peter, Sue and Marc, Pfuri, Gorps and Kniri",Trödler und Co,German,10,60
8,1979,09,Germany,Dschinghis Khan,Dschinghis Khan,German,4,86
9,1979,10,Israel,Milk and Honey,Hallelujah (הללויה),Hebrew,1,125
10,1979,11,France,Anne-Marie David,Je suis l'enfant soleil,French,3,106
11,1979,12,Belgium,Micha Marah,Hey Nana,Dutch,18,5
12,1979,13,Luxembourg,Jeane Manson,J'ai déjà vu ça dans tes yeux,French,13,44
13,1979,14,Netherlands,Xandra,Colorado,Dutch,12,51
14,1979,15,Sweden,Ted Gärdestad,Satellit,Swedish,17,8
15,1979,16,Norway,Anita Skorgan,Oliver,Norwegian,11,57
16,1979,17,United Kingdom,Black Lace,Mary Ann,English,7,73
17,1979,18,Austria,Christina Simon,Heute in Jerusalem,German,18,5
18,1979,19,Spain,Betty Missiego,Su canción,Spanish,2,116
0,1980,01,Austria,Blue Danube,Du bist Musik,German,8,64
1,1980,02,Turkey,Ajda Pekkan,Pet'r Oil,Turkish,15,23
2,1980,03,Greece,Anna Vissi and the Epikouri,Autostop (Ωτοστόπ),Greek,13,30
3,1980,04,Luxembourg,Sophie and Magaly,Papa Pingouin,French,9,56
4,1980,05,Morocco,Samira Bensaïd,Bitaqat Hub (بطاقة حب),Arabic,18,7
5,1980,06,Italy,Alan Sorrenti,Non so che darei,Italian,6,87
6,1980,07,Denmark,Bamses Venner,Tænker altid på dig,Danish,14,25
7,1980,08,Sweden,Tomas Ledin,Just nu!,Swedish,10,47
8,1980,09,Switzerland,Paola,Cinéma,French,4,104
9,1980,10,Finland,Vesa-Matti Loiri,Huilumies,Finnish,19,6
10,1980,11,Norway,Sverre Kjelsberg and Mattis Hætta,Sámiid ædnan,Norwegian,16,15
11,1980,12,Germany,Katja Ebstein,Theater,German,2,128
12,1980,13,United Kingdom,Prima Donna,Love Enough for Two,English,3,106
13,1980,14,Portugal,José Cid,"Um grande, grande amor",Portuguese,7,71
14,1980,15,Netherlands,Maggie MacNeal,Amsterdam,Dutch,5,93
15,1980,16,France,Profil,"Hé, hé M'sieurs dames",French,11,45
16,1980,17,Ireland,Johnny Logan,What's Another Year,English,1,143
17,1980,18,Spain,Trigo Limpio,Quédate esta noche,Spanish,12,38
18,1980,19,Belgium,Telex,Euro-Vision,French,17,14
0,1981,01,Austria,Marty Brem,Wenn du da bist,German,17,20
1,1981,02,Turkey,Modern Folk Trio and Ayşegül,Dönme Dolap,Turkish,18,9
2,1981,03,Germany,Lena Valaitis,Johnny Blue,German,2,132
3,1981,04,Luxembourg,Jean-Claude Pascal,C'est peut-être pas l'Amérique,French,11,41
4,1981,05,Israel,Habibi,Halayla (הלילה),Hebrew,7,56
5,1981,06,Denmark,Debbie Cameron and Tommy Seebach,Krøller eller ej,Danish,11,41
6,1981,07,Yugoslavia,Seid Memić Vajta,Lejla (Лејла),Serbo-Croatian,15,35
7,1981,08,Finland,Riki Sorsa,Reggae OK,Finnish,16,27
8,1981,09,France,Jean Gabilou,Humanahum,French,3,125
9,1981,10,Spain,Bacchelli,Y sólo tú,Spanish,14,38
10,1981,11,Netherlands,Linda Williams,Het is een wonder,Dutch,9,51
11,1981,12,Ireland,Sheeba,Horoscopes,English,5,105
12,1981,13,Norway,Finn Kalvik,Aldri i livet,Norwegian,20,0
13,1981,14,United Kingdom,Bucks Fizz,Making Your Mind Up,English,1,136
14,1981,15,Portugal,Carlos Paião,Playback,Portuguese,18,9
15,1981,16,Belgium,Emly Starr,Samson,Dutch,13,40
16,1981,17,Greece,Yiannis Dimitras,Feggari kalokerino (Φεγγάρι καλοκαιρινό),Greek,8,55
17,1981,18,Cyprus,Island,Monika (Μόνικα),Greek,6,69
18,1981,19,Switzerland,"Peter, Sue and Marc",Io senza te,Italian,4,121
19,1981,20,Sweden,Björn Skifs,Fångad i en dröm,Swedish,10,50
0,1982,01,Portugal,Doce,Bem bom,Portuguese,13,32
1,1982,02,Luxembourg,Svetlana,Cours après le temps,French,6,78
2,1982,03,Norway,Jahn Teigen and Anita Skorgan,Adieu,Norwegian,12,40
3,1982,04,United Kingdom,Bardo,One Step Further,English,7,76
4,1982,05,Turkey,Neco,Hani?,Turkish,15,20
5,1982,06,Finland,Kojo,Nuku pommiin,Finnish,18,0
6,1982,07,Switzerland,Arlette Zola,Amour on t'aime,French,3,97
7,1982,08,Cyprus,Anna Vissi,Mono i agapi (Μόνο η αγάπη),Greek,5,85
8,1982,09,Sweden,Chips,Dag efter dag,Swedish,8,67
9,1982,10,Austria,Mess,Sonntag,German,9,57
10,1982,11,Belgium,Stella,Si tu aimes ma musique,French,4,96
11,1982,12,Spain,Lucía,Él,Spanish,10,52
12,1982,13,Denmark,Brixx,Video-video,Danish,17,5
13,1982,14,Yugoslavia,Aska,"Halo, halo (Хало, хало)",Serbo-Croatian,14,21
14,1982,15,Israel,Avi Toledano,Hora (הורה),Hebrew,2,100
15,1982,16,Netherlands,Bill van Dijk,Jij en ik,Dutch,16,8
16,1982,17,Ireland,The Duskeys,Here Today Gone Tomorrow,English,11,49
17,1982,18,Germany,Nicole,Ein bißchen Frieden,German,1,161
0,1983,01,France,Guy Bonnet,Vivre,French,8,56
1,1983,02,Norway,Jahn Teigen,Do Re Mi,Norwegian,9,53
2,1983,03,United Kingdom,Sweet Dreams,I'm Never Giving Up,English,6,79
3,1983,04,Sweden,Carola Häggkvist,Främling,Swedish,3,126
4,1983,05,Italy,Riccardo Fogli,Per Lucia,Italian,11,41
5,1983,06,Turkey,Çetin Alp,Opera,Turkish,19,0
6,1983,07,Spain,Remedios Amaya,¿Quién maneja mi barca?,Spanish,19,0
7,1983,08,Switzerland,Mariella Farré,Io così non ci sto,Italian,15,28
8,1983,09,Finland,Ami Aspelund,Fantasiaa,Finnish,11,41
9,1983,10,Greece,Christie Stasinopoulou,Mou les (Μου λες),Greek,14,32
10,1983,11,Netherlands,Bernadette,Sing Me a Song,Dutch,7,66
11,1983,12,Yugoslavia,Daniel,Džuli (Џули),Serbo-Croatian,4,125
12,1983,13,Cyprus,Stavros and Constantina,I agapi akoma zi (Η αγάπη ακόμα ζει),Greek,16,26
13,1983,14,Germany,Hoffmann and Hoffmann,Rücksicht,German,5,94
14,1983,15,Denmark,Gry Johansen,Kloden drejer,Danish,17,16
15,1983,16,Israel,Ofra Haza,Hi (חי),Hebrew,2,136
16,1983,17,Portugal,Armando Gama,Esta balada que te dou,Portuguese,13,33
17,1983,18,Austria,Westend,Hurricane,German,9,53
18,1983,19,Belgium,Pas de Deux,Rendez-vous,Dutch,18,13
19,1983,20,Luxembourg,Corinne Hermès,Si la vie est cadeau,French,1,142
0,1984,01,Sweden,Herreys,Diggi-Loo Diggi-Ley,Swedish,1,145
1,1984,02,Luxembourg,Sophie Carle,100% d'amour,French,10,39
2,1984,03,France,Annick Thoumazeau,Autant d'amoureux que d'étoiles,French,8,61
3,1984,04,Spain,Bravo,"Lady, Lady",Spanish,3,106
4,1984,05,Norway,Dollie de Luxe,Lenge leve livet,Norwegian,17,29
5,1984,06,United Kingdom,Belle and the Devotions,Love Games,English,7,63
6,1984,07,Cyprus,Andy Paul,Anna Maria Lena (Άννα Μαρία Λένα),Greek,15,31
7,1984,08,Belgium,Jacques Zegers,Avanti la vie,French,5,70
8,1984,09,Ireland,Linda Martin,Terminal 3,English,2,137
9,1984,10,Denmark,Hot Eyes,Det' lige det,Danish,4,101
10,1984,11,Netherlands,Maribelle,Ik hou van jou,Dutch,13,34
11,1984,12,Yugoslavia,Vlado and Isolda,"Ciao, amore",Serbo-Croatian,18,26
12,1984,13,Austria,Anita,Einfach weg,German,19,5
13,1984,14,Germany,Mary Roos,Aufrecht geh'n,German,13,34
14,1984,15,Turkey,"Beş Yıl Önce, On Yıl Sonra",Halay,Turkish,12,37
15,1984,16,Finland,Kirka,Hengaillaan,Finnish,9,46
16,1984,17,Switzerland,Rainy Day,Welche Farbe hat der Sonnenschein?,German,16,30
17,1984,18,Italy,Alice and Franco Battiato,I treni di Tozeur,Italian,5,70
18,1984,19,Portugal,Maria Guinot,Silêncio e tanta gente,Portuguese,11,38
0,1985,01,Ireland,Maria Christian,Wait Until the Weekend Comes,English,6,91
1,1985,02,Finland,Sonja Lumme,Eläköön elämä,Finnish,9,58
2,1985,03,Cyprus,Lia Vissi,To katalava arga (Το κατάλαβα αργά),Greek,16,15
3,1985,04,Denmark,Hot Eyes,Sku' du spørg' fra no'en?,Danish,11,41
4,1985,05,Spain,Paloma San Basilio,La fiesta terminó,Spanish,14,36
5,1985,06,France,Roger Bens,Femme dans ses rêves aussi,French,10,56
6,1985,07,Turkey,MFÖ,Didai didai dai,Turkish,14,36
7,1985,08,Belgium,Linda Lepomme,Laat me nu gaan,Dutch,19,7
8,1985,09,Portugal,Adelaide,"Penso em ti, eu sei",Portuguese,18,9
9,1985,10,Germany,Wind,Für alle,German,2,105
10,1985,11,Israel,Izhar Cohen,"Olé, Olé (עולה, עולה)",Hebrew,5,93
11,1985,12,Italy,Al Bano and Romina Power,Magic Oh Magic,Italian,7,78
12,1985,13,Norway,Bobbysocks!,La det swinge,Norwegian,1,123
13,1985,14,United Kingdom,Vikki,Love Is...,English,4,100
14,1985,15,Switzerland,Mariella Farré and Pino Gasparini,"Piano, piano",German,12,39
15,1985,16,Sweden,Kikki Danielsson,Bra vibrationer,Swedish,3,103
16,1985,17,Austria,Gary Lux,Kinder dieser Welt,German,8,60
17,1985,18,Luxembourg,"Margo, Franck Olivier, Diane Solomon,Ireen Sheer, Malcolm Roberts and Chris Roberts","Children, Kinder, Enfants",French,13,37
18,1985,19,Greece,Takis Biniaris,Miazoume (Μοιάζουμε),Greek,16,15
0,1986,01,Luxembourg,Sherisse Laurence,L'amour de ma vie,French,3,117
1,1986,02,Yugoslavia,Doris Dragović,Željo moja (Жељо моја),Serbo-Croatian,11,49
2,1986,03,France,Cocktail Chic,Européennes,French,17,13
3,1986,04,Norway,Ketil Stokkan,Romeo,Norwegian,12,44
4,1986,05,United Kingdom,Ryder,Runner in the Night,English,7,72
5,1986,06,Iceland,ICY,Gleðibankinn,Icelandic,16,19
6,1986,07,Netherlands,Frizzle Sizzle,Alles heeft ritme,Dutch,13,40
7,1986,08,Turkey,Klips ve Onlar,Halley,Turkish,9,53
8,1986,09,Spain,Cadillac,Valentino,Spanish,10,51
9,1986,10,Switzerland,Daniela Simons,Pas pour moi,French,2,140
10,1986,11,Israel,Moti Giladi and Sarai Tzuriel,Yavo Yom (יבוא יום),Hebrew,19,7
11,1986,12,Ireland,Luv Bug,You Can Count On Me,English,4,96
12,1986,13,Belgium,Sandra Kim,J'aime la vie,French,1,176
13,1986,14,Germany,Ingrid Peters,Über die Brücke geh'n,German,8,62
14,1986,15,Cyprus,Elpida,Tora zo (Τώρα ζω),Greek,20,4
15,1986,16,Austria,Timna Brauer,Die Zeit ist einsam,German,18,12
16,1986,17,Sweden,Lasse Holm and Monica Törnell,E' de' det här du kallar kärlek?,Swedish,5,78
17,1986,18,Denmark,Lise Haavik,Du er fuld af løgn,Danish,6,77
18,1986,19,Finland,Kari Kuivalainen,Never the End,Finnish,15,22
19,1986,20,Portugal,Dora,Não sejas mau para mim,Portuguese,14,28
0,1987,01,Norway,Kate Gulbrandsen,Mitt liv,Norwegian,9,65
1,1987,02,Israel,Datner and Kushnir,Shir Habatlanim (שיר הבטלנים),Hebrew,8,73
2,1987,03,Austria,Gary Lux,Nur noch Gefühl,German,20,8
3,1987,04,Iceland,Halla Margrét,Hægt og hljótt,Icelandic,16,28
4,1987,05,Belgium,Liliane Saint-Pierre,Soldiers of Love,Dutch,11,56
5,1987,06,Sweden,Lotta Engberg,Boogaloo,Swedish,12,50
6,1987,07,Italy,Umberto Tozzi and Raf,Gente di mare,Italian,3,103
7,1987,08,Portugal,Nevada,Neste barco à vela,Portuguese,18,15
8,1987,09,Spain,Patricia Kraus,No estás solo,Spanish,19,10
9,1987,10,Turkey,Seyyal Taner and Lokomotif,Şarkım Sevgi Üstüne,Turkish,22,0
10,1987,11,Greece,Bang,Stop (Στοπ),Greek,10,64
11,1987,12,Netherlands,Marcha,Rechtop in de wind,Dutch,5,83
12,1987,13,Luxembourg,Plastic Bertrand,"Amour, amour",French,21,4
13,1987,14,United Kingdom,Rikki,Only the Light,English,13,47
14,1987,15,France,Christine Minier,Les mots d'amour n'ont pas de dimanche,French,14,44
15,1987,16,Germany,Wind,Laß die Sonne in dein Herz,German,2,141
16,1987,17,Cyprus,Alexia,Aspro mavro (Άσπρο μαύρο),Greek,7,80
17,1987,18,Finland,Vicky Rosti and Boulevard,Sata salamaa,Finnish,15,32
18,1987,19,Denmark,Anne-Cathrine Herdorf and Bandjo,En lille melodi,Danish,5,83
19,1987,20,Ireland,Johnny Logan,Hold Me Now,English,1,172
20,1987,21,Yugoslavia,Novi fosili,Ja sam za ples (Ја сам за плес),Serbo-Croatian,4,92
21,1987,22,Switzerland,Carol Rich,"Moitié, moitié",French,17,26
0,1988,01,Iceland,Beathoven,Þú og þeir (Sókrates),Icelandic,16,20
1,1988,02,Sweden,Tommy Körberg,Stad i ljus,Swedish,12,52
2,1988,03,Finland,Boulevard,Nauravat silmät muistetaan,Finnish,20,3
3,1988,04,United Kingdom,Scott Fitzgerald,Go,English,2,136
4,1988,05,Turkey,MFÖ,Sufi,Turkish,15,37
5,1988,06,Spain,La Década,La chica que yo quiero (Made in Spain),Spanish,11,58
6,1988,07,Netherlands,Gerard Joling,Shangri-La,Dutch,9,70
7,1988,08,Israel,Yardena Arazi,Ben Adam (בן אדם),Hebrew,7,85
8,1988,09,Switzerland,Céline Dion,Ne partez pas sans moi,French,1,137
9,1988,10,Ireland,Jump the Gun,Take Him Home,English,8,79
10,1988,11,Germany,Maxi and Chris Garden,Lied für einen Freund,German,14,48
11,1988,12,Austria,Wilfried,Lisa Mona Lisa,German,21,0
12,1988,13,Denmark,Hot Eyes,Ka' du se hva' jeg sa'?,Danish,3,92
13,1988,14,Greece,Afroditi Frida,Clown (Κλόουν),Greek,17,10
14,1988,15,Norway,Karoline Krüger,For vår jord,Norwegian,5,88
15,1988,16,Belgium,Reynaert,Laissez briller le soleil,French,18,5
16,1988,17,Luxembourg,Lara Fabian,Croire,French,4,90
17,1988,18,Italy,Luca Barbarossa,Vivo (Ti scrivo),Italian,12,52
18,1988,19,France,Gérard Lenorman,Chanteur de charme,French,10,64
19,1988,20,Portugal,Dora,Voltarei,Portuguese,18,5
20,1988,21,Yugoslavia,Srebrna krila,Mangup (Мангуп),Serbo-Croatian,6,87
0,1989,01,Italy,Anna Oxa and Fausto Leali,Avrei voluto,Italian,9,56
1,1989,02,Israel,Gili and Galit,Derekh Hamelekh (דרך המלך),Hebrew,12,50
2,1989,03,Ireland,Kiev Connolly and the Missing Passengers,The Real Me,English,18,21
3,1989,04,Netherlands,Justine Pelmelay,Blijf zoals je bent,Dutch,15,45
4,1989,05,Turkey,Pan,Bana Bana,Turkish,21,5
5,1989,06,Belgium,Ingeborg,Door de wind,Dutch,19,13
6,1989,07,United Kingdom,Live Report,Why Do I Always Get It Wrong,English,2,130
7,1989,08,Norway,Britt Synnøve Johansen,Venners nærhet,Norwegian,17,30
8,1989,09,Portugal,Da Vinci,Conquistador,Portuguese,16,39
9,1989,10,Sweden,Tommy Nilsson,En dag,Swedish,4,110
10,1989,11,Luxembourg,Park Café,Monsieur,French,20,8
11,1989,12,Denmark,Birthe Kjær,Vi maler byen rød,Danish,3,111
12,1989,13,Austria,Thomas Forstner,Nur ein Lied,German,5,97
13,1989,14,Finland,Anneli Saaristo,La dolce vita,Finnish,7,76
14,1989,15,France,Nathalie Pâque,J'ai volé la vie,French,8,60
15,1989,16,Spain,Nina,Nacida para amar,Spanish,6,88
16,1989,17,Cyprus,Fani Polymeri and Yiannis Savvidakis,Apopse as vrethoume (Απόψε ας βρεθούμε),Greek,11,51
17,1989,18,Switzerland,Furbaz,Viver senza tei,Romansh,13,47
18,1989,19,Greece,Marianna,To diko sou asteri (Το δικό σου αστέρι),Greek,9,56
19,1989,20,Iceland,Daníel Ágúst Haraldsson,Það sem enginn sér,Icelandic,22,0
20,1989,21,Germany,Nino de Angelo,Flieger,German,14,46
21,1989,22,Yugoslavia,Riva,Rock Me,Serbo-Croatian,1,137
0,1990,01,Spain,Azúcar Moreno,Bandido,Spanish,5,96
1,1990,02,Greece,Christos Callow and Wave,Horis skopo (Χωρίς σκοπό),Greek,19,11
2,1990,03,Belgium,Philippe Lafontaine,Macédomienne,French,12,46
3,1990,04,Turkey,Kayahan,Gözlerinin Hapsindeyim,Turkish,17,21
4,1990,05,Netherlands,Maywood,Ik wil alles met je delen,Dutch,15,25
5,1990,06,Luxembourg,Céline Carzo,Quand je te rêve,French,13,38
6,1990,07,United Kingdom,Emma,Give a Little Love Back to the World,English,6,87
7,1990,08,Iceland,Stjórnin,Eitt lag enn,Icelandic,4,124
8,1990,09,Norway,Ketil Stokkan,Brandenburger Tor,Norwegian,21,8
9,1990,10,Israel,Rita,Shara Barkhovot (שרה ברחובות),Hebrew,18,16
10,1990,11,Denmark,Lonnie Devantier,Hallo Hallo,Danish,8,64
11,1990,12,Switzerland,Egon Egemann,Musik klingt in die Welt hinaus,German,11,51
12,1990,13,Germany,Chris Kempers and Daniel Kovac,Frei zu leben,German,9,60
13,1990,14,France,Joëlle Ursull,White and Black Blues,French,2,132
14,1990,15,Yugoslavia,Tajči,Hajde da ludujemo (Хајде да лудујемо),Serbo-Croatian,7,81
15,1990,16,Portugal,Nucha,Há sempre alguém,Portuguese,20,9
16,1990,17,Ireland,Liam Reilly,Somewhere in Europe,English,2,132
17,1990,18,Sweden,Edin-Ådahl,Som en vind,Swedish,16,24
18,1990,19,Italy,Toto Cutugno,Insieme: 1992,Italian,1,149
19,1990,20,Austria,Simone,Keine Mauern mehr,German,10,58
20,1990,21,Cyprus,Haris Anastasiou,Milas poli (Μιλάς πολύ),Greek,14,36
21,1990,22,Finland,Beat,Fri?,Swedish,21,8
0,1991,01,Yugoslavia,Baby Doll,Brazil (Бразил),Serbo-Croatian,21,1
1,1991,02,Iceland,Stefán and Eyfi,Nína,Icelandic,15,26
2,1991,03,Malta,Paul Giordimaina and Georgina,Could It Be,English,6,106
3,1991,04,Greece,Sophia Vossou,I anixi (Η άνοιξη),Greek,13,36
4,1991,05,Switzerland,Sandra Simó,Canzone per te,Italian,5,118
5,1991,06,Austria,Thomas Forstner,Venedig im Regen,German,22,0
6,1991,07,Luxembourg,Sarah Bray,Un baiser volé,French,14,29
7,1991,08,Sweden,Carola,Fångad av en stormvind,Swedish,1,146
8,1991,09,France,Amina,C'est le dernier qui a parlé qui a raison,French,2,146
9,1991,10,Turkey,"İzel Çeliköz, Reyhan Karaca and Can Uğurluer",İki Dakika,Turkish,12,44
10,1991,11,Ireland,Kim Jackson,Could It Be That I'm in Love,English,10,47
11,1991,12,Portugal,Dulce,Lusitana paixão,Portuguese,8,62
12,1991,13,Denmark,Anders Frandsen,Lige der hvor hjertet slår,Danish,19,8
13,1991,14,Norway,Just 4 Fun,Mrs. Thompson,Norwegian,17,14
14,1991,15,Israel,Duo Datz,Kan (כאן),Hebrew,3,139
15,1991,16,Finland,Kaija,Hullu yö,Finnish,20,6
16,1991,17,Germany,Atlantis 2000,Dieser Traum darf niemals sterben,German,18,10
17,1991,18,Belgium,Clouseau,Geef het op,Dutch,16,23
18,1991,19,Spain,Sergio Dalma,Bailar pegados,Spanish,4,119
19,1991,20,United Kingdom,Samantha Janus,A Message to Your Heart,English,10,47
20,1991,21,Cyprus,Elena Patroklou,SOS,Greek,9,60
21,1991,22,Italy,Peppino di Capri,Comme è ddoce 'o mare,Neapolitan,7,89
0,1992,01,Spain,Serafín,Todo esto es la música,Spanish,14,37
1,1992,02,Belgium,Morgane,"Nous, on veut des violons",French,20,11
2,1992,03,Israel,Dafna,Ze Rak Sport (זה רק ספורט),Hebrew,6,85
3,1992,04,Turkey,Aylin Vatankoş,Yaz Bitti,Turkish,19,17
4,1992,05,Greece,Cleopatra,Olou tou kosmou i Elpida (Όλου του κόσμου η Ελπίδα),Greek,5,94
5,1992,06,France,Kali,Monté la riviè,"French, Antillean Creole",8,73
6,1992,07,Sweden,Christer Björkman,I morgon är en annan dag,Swedish,22,9
7,1992,08,Portugal,Dina,Amor d'água fresca,Portuguese,17,26
8,1992,09,Cyprus,Evridiki,Teriazoume (Ταιριάζουμε),Greek,11,57
9,1992,10,Malta,Mary Spiteri,Little Child,English,3,123
10,1992,11,Iceland,Heart 2 Heart,Nei eða já,Icelandic,7,80
11,1992,12,Finland,Pave,"Yamma, yamma",Finnish,23,4
12,1992,13,Switzerland,Daisy Auvray,Mister Music Man,French,15,32
13,1992,14,Luxembourg,Marion Welter and Kontinent,Sou fräi,Luxembourgish,21,10
14,1992,15,Austria,Tony Wegas,Zusammen geh'n,German,10,63
15,1992,16,United Kingdom,Michael Ball,One Step Out of Time,English,2,139
16,1992,17,Ireland,Linda Martin,Why Me?,English,1,155
17,1992,18,Denmark,Lotte Nilsson and Kenny Lübcke,Alt det som ingen ser,Danish,12,47
18,1992,19,Italy,Mia Martini,Rapsodia,Italian,4,111
19,1992,20,Yugoslavia,Extra Nena,Ljubim te pesmama (Љубим те песмама),Serbian,13,44
20,1992,21,Norway,Merethe Trøan,Visjoner,Norwegian,18,23
21,1992,22,Germany,Wind,Träume sind für alle da,German,16,27
22,1992,23,Netherlands,Humphrey Campbell,Wijs me de weg,Dutch,9,67
0,1993,01,Italy,Enrico Ruggeri,Sole d'Europa,Italian,12,45
1,1993,02,Turkey,Burak Aydos,Esmer Yarim,Turkish,21,10
2,1993,03,Germany,Münchener Freiheit,Viel zu weit,German,18,18
3,1993,04,Switzerland,Annie Cotton,"Moi, tout simplement",French,3,148
4,1993,05,Denmark,Tommy Seebach Band,Under stjernerne på himlen,Danish,22,9
5,1993,06,Greece,Katy Garbi,"Ellada, hora tou fotos (Ελλάδα, χώρα του φωτός)",Greek,9,64
6,1993,07,Belgium,Barbara,Iemand als jij,Dutch,25,3
7,1993,08,Malta,William Mangion,This Time,English,8,69
8,1993,09,Iceland,Inga ,Þá veistu svarið,Icelandic,13,42
9,1993,10,Austria,Tony Wegas,Maria Magdalena,German,14,32
10,1993,11,Portugal,Anabela,A cidade (até ser dia),Portuguese,10,60
11,1993,12,France,Patrick Fiori,Mama Corsica,"French, Corsican",4,121
12,1993,13,Sweden,Arvingarna,Eloise,Swedish,7,89
13,1993,14,Ireland,Niamh Kavanagh,In Your Eyes,English,1,187
14,1993,15,Luxembourg,Modern Times,Donne-moi une chance,"French, Luxembourgish",20,11
15,1993,16,Slovenia,1X Band,Tih deževen dan,Slovene,22,9
16,1993,17,Finland,Katri Helena,Tule luo,Finnish,17,20
17,1993,18,Bosnia and Herzegovina,Fazla,Sva bol svijeta,Bosnian,16,27
18,1993,19,United Kingdom,Sonia,Better the Devil You Know,English,2,164
19,1993,20,Netherlands,Ruth Jacott,Vrede,Dutch,6,92
20,1993,21,Croatia,Put,Don't Ever Cry,"Croatian, English",15,31
21,1993,22,Spain,Eva Santamaría,Hombres,Spanish,11,58
22,1993,23,Cyprus,Zymboulakis and Van Beke,Mi stamatas (Μη σταματάς),Greek,19,17
23,1993,24,Israel,Lehakat Shiru,Shiru (שירו),"Hebrew, English",24,4
24,1993,25,Norway,Silje Vige,Alle mine tankar,Norwegian,5,120
0,1994,01,Sweden,Marie Bergman and Roger Pontare,Stjärnorna,Swedish,13,48
1,1994,02,Finland,CatCat,Bye Bye Baby,Finnish,22,11
2,1994,03,Ireland,Paul Harrington and Charlie McGettigan,Rock 'n' Roll Kids,English,1,226
3,1994,04,Cyprus,Evridiki,Ime anthropos ki ego (Είμαι άνθρωπος κι εγώ),Greek,11,51
4,1994,05,Iceland,Sigga,Nætur,Icelandic,12,49
5,1994,06,United Kingdom,Frances Ruffelle,We Will Be Free (Lonely Symphony),English,10,63
6,1994,07,Croatia,Tony Cetinski,Nek' ti bude ljubav sva,Croatian,16,27
7,1994,08,Portugal,Sara Tavares,Chamar a música,Portuguese,8,73
8,1994,09,Switzerland,Duilio,Sto pregando,Italian,19,15
9,1994,10,Estonia,Silvi Vrait,Nagu merelaine,Estonian,24,2
10,1994,11,Romania,Dan Bittman,Dincolo de nori,Romanian,21,14
11,1994,12,Malta,Moira Stafrace and Christopher Scicluna,More than Love,English,5,97
12,1994,13,Netherlands,Willeke Alberti,Waar is de zon,Dutch,23,4
13,1994,14,Germany,Mekado,Wir geben 'ne Party,German,3,128
14,1994,15,Slovakia,Martin Ďurinda and Tublatanka,Nekonečná pieseň,Slovak,19,15
15,1994,16,Lithuania,Ovidijus Vyšniauskas,Lopšinė mylimai,Lithuanian,25,0
16,1994,17,Norway,Elisabeth Andreasson and Jan Werner Danielsen,Duett,Norwegian,6,76
17,1994,18,Bosnia and Herzegovina,Alma and Dejan,Ostani kraj mene,Bosnian,15,39
18,1994,19,Greece,Kostas Bigalis and the Sea Lovers,To trehandiri (Diri Diri) (Το τρεχαντήρι (Ντίρι Ντίρι)),Greek,14,44
19,1994,20,Austria,Petra Frey,Für den Frieden der Welt,German,17,19
20,1994,21,Spain,Alejandro Abad,Ella no es ella,Spanish,18,17
21,1994,22,Hungary,Friderika Bayer,Kinek mondjam el vétkeimet?,Hungarian,4,122
22,1994,23,Russia,Youddiph,Vechny strannik (Вечный странник),Russian,9,70
23,1994,24,Poland,Edyta Górniak,To nie ja!,Polish,2,166
24,1994,25,France,Nina Morato,Je suis un vrai garçon,French,7,74
0,1995,01,Poland,Justyna,Sama,Polish,18,15
1,1995,02,Ireland,Eddie Friel,Dreamin',English,14,44
2,1995,03,Germany,Stone and Stone,Verliebt in Dich,German,23,1
3,1995,04,Bosnia and Herzegovina,Davor Popović,Dvadeset prvi vijek,Bosnian,19,14
4,1995,05,Norway,Secret Garden,Nocturne,Norwegian,1,148
5,1995,06,Russia,Philipp Kirkorov,Kolybelnaya dlya vulkana (Колыбельная для вулкана),Russian,17,17
6,1995,07,Iceland,Bo Halldórsson,Núna,Icelandic,15,31
7,1995,08,Austria,Stella Jones,Die Welt dreht sich verkehrt,German,13,67
8,1995,09,Spain,Anabel Conde,Vuelve conmigo,Spanish,2,119
9,1995,10,Turkey,Arzu Ece,Sev!,Turkish,16,21
10,1995,11,Croatia,Magazin and Lidija,Nostalgija,Croatian,6,91
11,1995,12,France,Nathalie Santamaria,Il me donne rendez-vous,French,4,94
12,1995,13,Hungary,Csaba Szigeti,Új név egy régi ház falán,Hungarian,22,3
13,1995,14,Belgium,Frédéric Etherlinck,La voix est libre,French,20,8
14,1995,15,United Kingdom,Love City Groove,Love City Groove,English,10,76
15,1995,16,Portugal,Tó Cruz,Baunilha e chocolate,Portuguese,21,5
16,1995,17,Cyprus,Alexandros Panayi,Sti fotia (Στη φωτιά),Greek,9,79
17,1995,18,Sweden,Jan Johansen,Se på mej,Swedish,3,100
18,1995,19,Denmark,Aud Wilken,Fra Mols til Skagen,Danish,5,92
19,1995,20,Slovenia,Darja Švajger,Prisluhni mi,Slovene,7,84
20,1995,21,Israel,Liora,Amen (אמן),Hebrew,8,81
21,1995,22,Malta,Mike Spiteri,Keep Me in Mind,English,10,76
22,1995,23,Greece,Elina Konstantopoulou,Pia prosefhi (Ποιά προσευχή),Greek,12,68
0,1996,01,Turkey,Şebnem Paker,Beşinci Mevsim,Turkish,12,57
1,1996,02,United Kingdom,Gina G,Ooh Aah... Just a Little Bit,English,8,77
2,1996,03,Spain,Antonio Carbonell,"¡Ay, qué deseo!",Spanish,20,17
3,1996,04,Portugal,Lúcia Moniz,O meu coração não tem cor,Portuguese,6,92
4,1996,05,Cyprus,Constantinos,Mono gia mas (Μόνο για μας),Greek,9,72
5,1996,06,Malta,Miriam Christine,In a Woman's Heart,English,10,68
6,1996,07,Croatia,Maja Blagdan,Sveta ljubav,Croatian,4,98
7,1996,08,Austria,George Nussbaumer,Weil's dr guat got,Vorarlbergish,10,68
8,1996,09,Switzerland,Kathy Leander,Mon cœur l'aime,French,16,22
9,1996,10,Greece,Marianna Efstratiou,Emis forame to himona anixiatika(Εμείς φοράμε το χειμώνα ανοιξιάτικα),Greek,14,36
10,1996,11,Estonia,Maarja-Liis Ilus and Ivo Linna,Kaelakee hääl,Estonian,5,94
11,1996,12,Norway,Elisabeth Andreassen,I evighet,Norwegian,2,114
12,1996,13,France,Dan Ar Braz and l'Héritage des Celtes,Diwanit bugale,Breton,19,18
13,1996,14,Slovenia,Regina,Dan najlepših sanj,Slovene,21,16
14,1996,15,Netherlands,Maxine and Franklin Brown,De eerste keer,Dutch,7,78
15,1996,16,Belgium,Lisa del Bo,Liefde is een kaartspel,Dutch,16,22
16,1996,17,Ireland,Eimear Quinn,The Voice,English,1,162
17,1996,18,Finland,Jasmine,Niin kaunis on taivas,Finnish,23,9
18,1996,19,Iceland,Anna Mjöll,Sjúbídú,Icelandic,13,51
19,1996,20,Poland,Kasia Kowalska,Chcę znać swój grzech...,Polish,15,31
20,1996,21,Bosnia and Herzegovina,Amila Glamočak,Za našu ljubav,Bosnian,22,13
21,1996,22,Slovakia,Marcel Palonder,Kým nás máš,Slovak,18,19
22,1996,23,Sweden,One More Time,Den vilda,Swedish,3,100
0,1997,01,Cyprus,Hara and Andreas Konstantinou,Mana mou (Μάνα μου),Greek,5,98
1,1997,02,Turkey,Şebnem Paker and Grup Ethnic,Dinle,Turkish,3,121
2,1997,03,Norway,Tor Endresen,San Francisco,Norwegian,24,0
3,1997,04,Austria,Bettina Soriat,One Step,German,21,12
4,1997,05,Ireland,Marc Roberts,Mysterious Woman,English,2,157
5,1997,06,Slovenia,Tanja Ribič,Zbudi se,Slovene,10,60
6,1997,07,Switzerland,Barbara Berta,Dentro di me,Italian,22,5
7,1997,08,Netherlands,Mrs. Einstein,Niemand heeft nog tijd,Dutch,22,5
8,1997,09,Italy,Jalisse,Fiumi di parole,Italian,4,114
9,1997,10,Spain,Marcos Llunas,Sin rencor,Spanish,6,96
10,1997,11,Germany,Bianca Shomburg,Zeit,German,18,22
11,1997,12,Poland,Anna Maria Jopek,Ale jestem,Polish,11,54
12,1997,13,Estonia,Maarja-Liis Ilus,Keelatud maa,Estonian,8,82
13,1997,14,Bosnia and Herzegovina,Alma Čardžić,Goodbye,Bosnian,18,22
14,1997,15,Portugal,Célia Lawson,Antes do adeus,Portuguese,24,0
15,1997,16,Sweden,Blond,Bara hon älskar mig,Swedish,14,36
16,1997,17,Greece,Marianna Zorba,Horepse (Χόρεψε),Greek,12,39
17,1997,18,Malta,Debbie Scerri,Let Me Fly,English,9,66
18,1997,19,Hungary,V.I.P.,"Miért kell, hogy elmenj?",Hungarian,12,39
19,1997,20,Russia,Alla Pugacheva,Primadonna (Примадонна),Russian,15,33
20,1997,21,Denmark,Kølig Kaj,Stemmen i mit liv,Danish,16,25
21,1997,22,France,Fanny,Sentiments songes,French,7,95
22,1997,23,Croatia,E.N.I.,Probudi me,Croatian,17,24
23,1997,24,United Kingdom,Katrina and the Waves,Love Shine a Light,English,1,227
24,1997,25,Iceland,Paul Oscar,Minn hinsti dans,Icelandic,20,18
0,1998,01,Croatia,Danijela,Neka mi ne svane,Croatian,5,131
1,1998,02,Greece,Thalassa,Mia krifi evaisthisia (Μια κρυφή ευαισθησία),Greek,20,12
2,1998,03,France,Marie Line,Où aller,French,24,3
3,1998,04,Spain,Mikel Herzog,¿Qué voy a hacer sin ti?,Spanish,16,21
4,1998,05,Switzerland,Gunvor,Lass ihn,German,25,0
5,1998,06,Slovakia,Katarína Hasprová,Modlitba,Slovak,21,8
6,1998,07,Poland,Sixteen,To takie proste,Polish,17,19
7,1998,08,Israel,Dana International,Diva (דיווה),Hebrew,1,172
8,1998,09,Germany,Guildo Horn,Guildo hat euch lieb!,German,7,86
9,1998,10,Malta,Chiara,The One That I Love,English,3,165
10,1998,11,Hungary,Charlie,A holnap már nem lesz szomorú,Hungarian,23,4
11,1998,12,Slovenia,Vili Resnik,Naj bogovi slišijo,Slovene,18,17
12,1998,13,Ireland,Dawn Martin,Is Always Over Now?,English,9,64
13,1998,14,Portugal,Alma Lusa,Se eu te pudesse abraçar,Portuguese,12,36
14,1998,15,Romania,Mălina Olinescu,Eu cred,Romanian,22,6
15,1998,16,United Kingdom,Imaani,Where Are You?,English,2,166
16,1998,17,Cyprus,Michael Hajiyanni,Genesis (Γένεσις),Greek,11,37
17,1998,18,Netherlands,Edsilia,Hemel en aarde,Dutch,4,150
18,1998,19,Sweden,Jill Johnson,Kärleken är,Swedish,10,53
19,1998,20,Belgium,Mélanie Cohl,Dis oui,French,6,122
20,1998,21,Finland,Edea,Aava,Finnish,15,22
21,1998,22,Norway,Lars A. Fredriksen,Alltid sommer,Norwegian,8,79
22,1998,23,Estonia,Koit Toome,Mere lapsed,Estonian,12,36
23,1998,24,Turkey,Tüzmen,Unutamazsın,Turkish,14,25
24,1998,25,Macedonia,Vlado Janevski,"Ne zori, zoro (Не зори, зоро)",Macedonian,19,16
0,1999,01,Lithuania,Aistė,Strazdas,Samogitian,20,13
1,1999,02,Belgium,Vanessa Chinitor,Like the Wind,English,12,38
2,1999,03,Spain,Lydia,No quiero escuchar,Spanish,23,1
3,1999,04,Croatia,Doris Dragović,Marija Magdalena,Croatian,4,118
4,1999,05,United Kingdom,Precious,Say It Again,English,12,38
5,1999,06,Slovenia,Darja Švajger,For a Thousand Years,English,11,50
6,1999,07,Turkey,Tuba Önal and Grup Mistik,Dön Artık,Turkish,16,21
7,1999,08,Norway,Stig Van Eijk,Living My Life Without You,English,14,35
8,1999,09,Denmark,Trine Jepsen and Michael Teschl,This Time I Mean It,English,8,71
9,1999,10,France,Nayah,Je veux donner ma voix,French,19,14
10,1999,11,Netherlands,Marlayne,One Good Reason,English,8,71
11,1999,12,Poland,Mietek Szcześniak,Przytul mnie mocno,Polish,18,17
12,1999,13,Iceland,Selma,All Out of Luck,English,2,146
13,1999,14,Cyprus,Marlain,Tha'nai erotas (Θα'ναι έρωτας),Greek,22,2
14,1999,15,Sweden,Charlotte Nilsson,Take Me to Your Heaven,English,1,163
15,1999,16,Portugal,Rui Bandeira,Como tudo começou,Portuguese,21,12
16,1999,17,Ireland,The Mullans,When You Need Me,English,17,18
17,1999,18,Austria,Bobbie Singer,Reflection,English,10,65
18,1999,19,Israel,Eden,Yom Huledet (Happy Birthday) (יום הולדת),"English, Hebrew",5,93
19,1999,20,Malta,Times Three,Believe 'n Peace,English,15,32
20,1999,21,Germany,Sürpriz,Reise nach Jerusalem – Kudüs'e Seyahat,"German, Turkish, English",3,140
21,1999,22,Bosnia and Herzegovina,Dino and Béatrice,Putnici,"Bosnian, French",7,86
22,1999,23,Estonia,Evelin Samuel and Camille,Diamond of Night,English,6,90
0,2000,01,Israel,PingPong,Sameach (שמח),Hebrew,22,7
1,2000,02,Netherlands,Linda Wagenmakers,No Goodbyes,English,13,40
2,2000,03,United Kingdom,Nicki French,Don't Play That Song Again,English,16,28
3,2000,04,Estonia,Ines,Once in a Lifetime,English,4,98
4,2000,05,France,Sofia Mestari,On aura le ciel,French,23,5
5,2000,06,Romania,Taxi,The Moon,English,17,25
6,2000,07,Malta,Claudette Pace,Desire,English,8,73
7,2000,08,Norway,Charmed,My Heart Goes Boom,English,11,57
8,2000,09,Russia,Alsou,Solo,English,2,155
9,2000,10,Belgium,Nathalie Sorce,Envie de vivre,French,24,2
10,2000,11,Cyprus,Voice,Nomiza (Νόμιζα),"Greek, Italian",21,8
11,2000,12,Iceland,August and Telma,Tell Me!,English,12,45
12,2000,13,Spain,Serafín Zubiri,Colgado de un sueño,Spanish,18,18
13,2000,14,Denmark,Olsen Brothers,Fly on the Wings of Love,English,1,195
14,2000,15,Germany,Stefan Raab,Wadde hadde dudde da?,"German, English",5,96
15,2000,16,Switzerland,Jane Bogaert,La vita cos'è?,Italian,20,14
16,2000,17,Croatia,Goran Karan,Kad zaspu anđeli,Croatian,9,70
17,2000,18,Sweden,Roger Pontare,When Spirits Are Calling My Name,English,7,88
18,2000,19,Macedonia,XXL,100% te ljubam (100% те љубам),"Macedonian, English",15,29
19,2000,20,Finland,Nina Åström,A Little Bit,English,18,18
20,2000,21,Latvia,Brainstorm,My Star,English,3,136
21,2000,22,Turkey,Pınar Ayhan and the SOS,Yorgunum Anla,"Turkish, English",10,59
22,2000,23,Ireland,Eamonn Toal,Millennium of Love,English,6,92
23,2000,24,Austria,The Rounder Girls,All to You,English,14,34
0,2001,01,Netherlands,Michelle,Out on My Own,English,18,16
1,2001,02,Iceland,Two Tricky,Angel,English,22,3
2,2001,03,Bosnia and Herzegovina,Nino,Hano,"Bosnian, English",14,29
3,2001,04,Norway,Haldor Lægreid,On My Own,English,22,3
4,2001,05,Israel,Tal Sondak,Ein Davar (אין דבר),Hebrew,16,25
5,2001,06,Russia,Mumiy Troll,Lady Alpine Blue,English,12,37
6,2001,07,Sweden,Friends,Listen to Your Heartbeat,English,5,100
7,2001,08,Lithuania,Skamp,You Got Style,"English, Lithuanian",13,35
8,2001,09,Latvia,Arnis Mednis,Too Much,English,18,16
9,2001,10,Croatia,Vanna,Strings of My Heart,English,10,42
10,2001,11,Portugal,MTM,Só sei ser feliz assim,Portuguese,17,18
11,2001,12,Ireland,Gary O'Shaughnessy,Without Your Love,English,21,6
12,2001,13,Spain,David Civera,Dile que la quiero,Spanish,6,76
13,2001,14,France,Natasha St-Pier,Je n'ai que mon âme,"French, English",4,142
14,2001,15,Turkey,Sedat Yüce,Sevgiliye Son,"Turkish, English",11,41
15,2001,16,United Kingdom,Lindsay Dracass,No Dream Impossible,English,15,28
16,2001,17,Slovenia,Nuša Derenda,Energy,English,7,70
17,2001,18,Poland,Piasek,2 Long,English,20,11
18,2001,19,Germany,Michelle,Wer Liebe lebt,"German, English",8,66
19,2001,20,Estonia,"Tanel Padar, Dave Benton and 2XL",Everybody,English,1,198
20,2001,21,Malta,Fabrizio Faniello,Another Summer Night,English,9,48
21,2001,22,Greece,Antique,Die for You,"Greek, English",3,147
22,2001,23,Denmark,Rollo and King,Never Ever Let You Go,English,2,177
0,2002,01,Cyprus,One,Gimme,English,6,85
1,2002,02,United Kingdom,Jessica Garlick,Come Back,English,3,111
2,2002,03,Austria,Manuel Ortega,Say a Word,English,18,26
3,2002,04,Greece,Michalis Rakintzis,S.A.G.A.P.O.,English,17,27
4,2002,05,Spain,Rosa,Europe's Living a Celebration,Spanish,7,81
5,2002,06,Croatia,Vesna Pisarović,Everything I Want,English,11,44
6,2002,07,Russia,Prime Minister,Northern Girl,English,10,55
7,2002,08,Estonia,Sahlene,Runaway,English,3,111
8,2002,09,Macedonia,Karolina,Od nas zavisi (Од нас зависи),Macedonian,19,25
9,2002,10,Israel,Sarit Hadad,Light a Candle,"Hebrew, English",12,37
10,2002,11,Switzerland,Francine Jordi,Dans le jardin de mon âme,French,22,15
11,2002,12,Sweden,Afro-dite,Never Let It Go,English,8,72
12,2002,13,Finland,Laura,Addicted to You,English,20,24
13,2002,14,Denmark,Malene Mortensen,Tell Me Who You Are,English,24,7
14,2002,15,Bosnia and Herzegovina,Maja,Na jastuku za dvoje (На јастуку за двоје),"Serbian, English",13,33
15,2002,16,Belgium,Sergio and the Ladies,Sister,English,13,33
16,2002,17,France,Sandrine François,Il faut du temps,French,5,104
17,2002,18,Germany,Corinna May,I Can't Live Without Music,English,21,17
18,2002,19,Turkey,Buket Bengisu and Group Safir,Leylaklar Soldu Kalbinde,"Turkish, English",16,29
19,2002,20,Malta,Ira Losco,7th Wonder,English,2,164
20,2002,21,Romania,Monica Anghel and Marcel Pavel,Tell Me Why,English,9,71
21,2002,22,Slovenia,Sestre,Samo ljubezen,Slovene,13,33
22,2002,23,Latvia,Marie N,I Wanna,English,1,176
23,2002,24,Lithuania,Aivaras,Happy You,English,23,12
0,2003,01,Iceland,Birgitta,Open Your Heart,English,8,81
1,2003,02,Austria,Alf Poier,Weil der Mensch zählt,German,6,101
2,2003,03,Ireland,Mickey Harte,We've Got the World,English,11,53
3,2003,04,Turkey,Sertab Erener,Everyway That I Can,English,1,167
4,2003,05,Malta,Lynn Chircop,To Dream Again,English,25,4
5,2003,06,Bosnia and Herzegovina,Mija Martina,Ne brini,"Croatian, English",16,27
6,2003,07,Portugal,Rita Guerra,Deixa-me sonhar,"Portuguese, English",22,13
7,2003,08,Croatia,Claudia Beni,Više nisam tvoja,"Croatian, English",15,29
8,2003,09,Cyprus,Stelios Constantas,Feeling Alive,English,20,15
9,2003,10,Germany,Lou,Let's Get Happy,English,11,53
10,2003,11,Russia,t.A.T.u.,"Ne ver', ne boysia (Не верь, не бойся)",Russian,3,164
11,2003,12,Spain,Beth,Dime,Spanish,8,81
12,2003,13,Israel,Lior Narkis,Words for Love,Hebrew,19,17
13,2003,14,Netherlands,Esther Hart,One More Night,English,13,45
14,2003,15,United Kingdom,Jemini,Cry Baby,English,26,0
15,2003,16,Ukraine,Olexandr,Hasta la vista,English,14,30
16,2003,17,Greece,Mando,Never Let You Go,English,17,25
17,2003,18,Norway,Jostein Hasselgård,I'm Not Afraid to Move On,English,4,123
18,2003,19,France,Louisa Baïleche,Monts et merveilles,French,18,19
19,2003,20,Poland,Ich Troje,Keine Grenzen – Żadnych granic,"German, Polish, Russian",7,90
20,2003,21,Latvia,F.L.Y.,Hello from Mars,English,24,5
21,2003,22,Belgium,Urban Trad,Sanomi,Imaginary,2,165
22,2003,23,Estonia,Ruffus,Eighties Coming Back,English,21,14
23,2003,24,Romania,Nicola,Don't Break My Heart,English,10,73
24,2003,25,Sweden,Fame,Give Me Your Love,English,5,107
25,2003,26,Slovenia,Karmen,Nanana,English,23,7
0,2004,01,Spain,Ramón,Para llenarme de ti,Spanish,10,87
1,2004,02,Austria,Tie Break,Du bist,German,21,9
2,2004,03,Norway,Knut Anders Sørum,High,English,24,3
3,2004,04,France,Jonatan Cerrada,À chaque pas,"French, Spanish",15,40
4,2004,05,Serbia and Montenegro,Željko Joksimović and Ad-Hoc Orchestra,Lane moje (Лане моје),Serbian,2,263
5,2004,06,Malta,Julie and Ludwig,On Again... Off Again,English,12,50
6,2004,07,Netherlands,Re-Union,Without You,English,20,11
7,2004,08,Germany,Max,Can't Wait Until Tonight,"English, Turkish",8,93
8,2004,09,Albania,Anjeza Shahini,The Image of You,English,7,106
9,2004,10,Ukraine,Ruslana,Wild Dances,"English, Ukrainian",1,280
10,2004,11,Croatia,Ivan Mikulić,You Are the Only One,English,12,50
11,2004,12,Bosnia and Herzegovina,Deen,In the Disco,English,9,91
12,2004,13,Belgium,Xandee,1 Life,English,22,7
13,2004,14,Russia,Julia Savicheva,Believe Me,English,11,67
14,2004,15,Macedonia,Toše Proeski,Life,English,14,47
15,2004,16,Greece,Sakis Rouvas,Shake It,English,3,252
16,2004,17,Iceland,Jónsi,Heaven,English,19,16
17,2004,18,Ireland,Chris Doran,If My World Stopped Turning,English,22,7
18,2004,19,Poland,Blue Café,Love Song,"English, Spanish",17,27
19,2004,20,United Kingdom,James Fox,Hold On to Our Love,English,16,29
20,2004,21,Cyprus,Lisa Andreas,Stronger Every Minute,English,5,170
21,2004,22,Turkey,Athena,For Real,English,4,195
22,2004,23,Romania,Sanda,I Admit,English,18,18
23,2004,24,Sweden,Lena Philipsson,It Hurts,English,5,170
0,2005,01,Hungary,Nox,"Forogj, világ",Hungarian,12,97
1,2005,02,United Kingdom,Javine,Touch My Fire,English,22,18
2,2005,03,Malta,Chiara,Angel,English,2,192
3,2005,04,Romania,Luminița Anghel and Sistem,Let Me Try,English,3,158
4,2005,05,Norway,Wig Wam,In My Dreams,English,9,125
5,2005,06,Turkey,Gülseren,Rimi Rimi Ley,Turkish,13,92
6,2005,07,Moldova,Zdob și Zdub,Boonika bate toba,"English, Romanian",6,148
7,2005,08,Albania,Ledina Çelo,Tomorrow I Go,English,16,53
8,2005,09,Cyprus,Constantinos Christoforou,Ela Ela,English,18,46
9,2005,10,Spain,Son de Sol,Brujería,Spanish,21,28
10,2005,11,Israel,Shiri Maimon,HaSheket SheNish'ar (השקט שנשאר),"Hebrew, English",4,154
11,2005,12,Serbia and Montenegro,No Name,Zauvijek moja (Заувијек моја),Montenegrin,7,137
12,2005,13,Denmark,Jakob Sveistrup,Talking to You,English,9,125
13,2005,14,Sweden,Martin Stenmarck,Las Vegas,English,19,30
14,2005,15,Macedonia,Martin Vučić,Make My Day,English,17,52
15,2005,16,Ukraine,GreenJolly,Razom nas bahato (Разом нас багато),"Ukrainian, English",19,30
16,2005,17,Germany,Gracia,Run and Hide,English,24,4
17,2005,18,Croatia,Boris Novković feat. Lado members,Vukovi umiru sami,Croatian,11,115
18,2005,19,Greece,Helena Paparizou,My Number One,English,1,230
19,2005,20,Russia,Natalia Podolskaya,Nobody Hurt No One,English,15,57
20,2005,21,Bosnia and Herzegovina,Feminnem,Call Me,English,14,79
21,2005,22,Switzerland,Vanilla Ninja,Cool Vibes,English,8,128
22,2005,23,Latvia,Walters and Kazha,The War Is Not Over,English,5,153
23,2005,24,France,Ortal,Chacun pense à soi,French,23,11
0,2006,01,Switzerland,six4one,If We All Give a Little,English,16,30
1,2006,02,Moldova,Arsenium feat. Natalia Gordienko and Connect-R,Loca,English,20,22
2,2006,03,Israel,Eddie Butler,Together We Are One,"Hebrew, English",23,4
3,2006,04,Latvia,Vocal Group Cosmos,I Hear Your Heart,English,16,30
4,2006,05,Norway,Christine Guldbrandsen,Alvedansen,Norwegian,14,36
5,2006,06,Spain,Las Ketchup,Bloody Mary,Spanish,21,18
6,2006,07,Malta,Fabrizio Faniello,I Do,English,24,1
7,2006,08,Germany,Texas Lightning,No No Never,English,14,36
8,2006,09,Denmark,Sidsel Ben Semmane,Twist of Love,English,18,26
9,2006,10,Russia,Dima Bilan,Never Let You Go,English,2,248
10,2006,11,Macedonia,Elena Risteska,Ninanajna (Нинанајна),"English, Macedonian",12,56
11,2006,12,Romania,Mihai Trăistariu,Tornerò,"English, Italian",4,172
12,2006,13,Bosnia and Herzegovina,Hari Mata Hari,Lejla,Bosnian,3,229
13,2006,14,Lithuania,LT United,We Are the Winners,English,6,162
14,2006,15,United Kingdom,Daz Sampson,Teenage Life,English,19,25
15,2006,16,Greece,Anna Vissi,Everything,English,9,128
16,2006,17,Finland,Lordi,Hard Rock Hallelujah,English,1,292
17,2006,18,Ukraine,Tina Karol,Show Me Your Love,English,7,145
18,2006,19,France,Virginie Pouchain,Il était temps,French,22,5
19,2006,20,Croatia,Severina,Moja štikla,Croatian,12,56
20,2006,21,Ireland,Brian Kennedy,Every Song Is a Cry for Love,English,10,93
21,2006,22,Sweden,Carola,Invincible,English,5,170
22,2006,23,Turkey,Sibel Tüzün,Süper Star,"Turkish, English",11,91
23,2006,24,Armenia,André,Without Your Love,English,8,129
0,2007,01,Bosnia and Herzegovina,Marija Šestić,Rijeka bez imena (Ријека без имена),Serbian,11,106
1,2007,02,Spain,D'Nash,I Love You Mi Vida,Spanish,20,43
2,2007,03,Belarus,Koldun,Work Your Magic,English,6,145
3,2007,04,Ireland,Dervish,They Can't Stop the Spring,English,24,5
4,2007,05,Finland,Hanna Pakarinen,Leave Me Alone,English,17,53
5,2007,06,Macedonia,Karolina,Mojot svet (Мојот свет),"Macedonian, English",14,73
6,2007,07,Slovenia,Alenka Gotar,Cvet z juga,Slovene,15,66
7,2007,08,Hungary,Magdi Rúzsa,Unsubstantial Blues,English,9,128
8,2007,09,Lithuania,4Fun,Love or Leave,English,21,28
9,2007,10,Greece,Sarbel,Yassou Maria (Γεια σου Μαρία),English,7,139
10,2007,11,Georgia,Sopho,Visionary Dream,English,12,97
11,2007,12,Sweden,The Ark,The Worrying Kind,English,18,51
12,2007,13,France,Les Fatals Picards,L'amour à la française,"French, English (""Franglais"")",22,19
13,2007,14,Latvia,Bonaparti.lv,Questa notte,Italian,16,54
14,2007,15,Russia,Serebro,Song #1,English,3,207
15,2007,16,Germany,Roger Cicero,Frauen regier'n die Welt,"German, English",19,49
16,2007,17,Serbia,Marija Šerifović,Molitva (Молитва),Serbian,1,268
17,2007,18,Ukraine,Verka Serduchka,Dancing Lasha Tumbai,"German, English, Surzhyk",2,235
18,2007,19,United Kingdom,Scooch,Flying the Flag (For You),English,22,19
19,2007,20,Romania,Todomondo,"Liubi, Liubi, I Love You (Люби, Люби, I Love You)","English, Italian, Spanish, Russian, French, Romanian",13,84
20,2007,21,Bulgaria,Elitsa Todorova and Stoyan Yankoulov,Water,Bulgarian,5,157
21,2007,22,Turkey,Kenan Doğulu,Shake It Up Şekerim,English,4,163
22,2007,23,Armenia,Hayko,Anytime You Need,"English, Armenian",8,138
23,2007,24,Moldova,Natalia Barbu,Fight,English,10,109
0,2008,01,Romania,Nico and Vlad,Pe-o margine de lume,"Romanian, Italian",20,45
1,2008,02,United Kingdom,Andy Abraham,Even If,English,25,14
2,2008,03,Albania,Olta Boka,Zemrën e lamë peng,Albanian,17,55
3,2008,04,Germany,No Angels,Disappear,English,23,14
4,2008,05,Armenia,Sirusho,"Qélé, Qélé (Քելե Քելե)","English, Armenian",4,199
5,2008,06,Bosnia and Herzegovina,Laka,Pokušaj,Bosnian,10,110
6,2008,07,Israel,Boaz,The Fire in Your Eyes,Hebrew,9,124
7,2008,08,Finland,Teräsbetoni,Missä miehet ratsastaa,Finnish,22,35
8,2008,09,Croatia,Kraljevi ulice and 75 Cents,Romanca,Croatian,21,44
9,2008,10,Poland,Isis Gee,For Life,English,24,14
10,2008,11,Iceland,Euroband,This Is My Life,English,14,64
11,2008,12,Turkey,Mor ve Ötesi,Deli,Turkish,7,138
12,2008,13,Portugal,Vânia Fernandes,Senhora do mar (Negras águas),Portuguese,13,69
13,2008,14,Latvia,Pirates of the Sea,Wolves of the Sea,English,12,83
14,2008,15,Sweden,Charlotte Perrelli,Hero,English,18,47
15,2008,16,Denmark,Simon Mathew,All Night Long,English,15,60
16,2008,17,Georgia,Diana Gurtskaya,Peace Will Come,English,11,83
17,2008,18,Ukraine,Ani Lorak,Shady Lady,English,2,230
18,2008,19,France,Sébastien Tellier,Divine,English,19,47
19,2008,20,Azerbaijan,Elnur and Samir,Day After Day,English,8,132
20,2008,21,Greece,Kalomira,Secret Combination,English,3,218
21,2008,22,Spain,Rodolfo Chikilicuatre,Baila el Chiki Chiki,"Spanish, English",16,55
22,2008,23,Serbia,Jelena Tomašević feat. Bora Dugić,Oro (Оро),Serbian,6,160
23,2008,24,Russia,Dima Bilan,Believe,English,1,272
24,2008,25,Norway,Maria,Hold On Be Strong,English,5,182
0,2009,01,Lithuania,Sasha Son,Love,"English, Russian",23,23
1,2009,02,Israel,Noa and Mira Awad,There Must Be Another Way,"English, Hebrew, Arabic",16,53
2,2009,03,France,Patricia Kaas,Et s'il fallait le faire,French,8,107
3,2009,04,Sweden,Malena Ernman,La voix,"English, French",21,33
4,2009,05,Croatia,Igor Cukrov feat. Andrea,Lijepa Tena,Croatian,18,45
5,2009,06,Portugal,Flor-de-Lis,Todas as ruas do amor,Portuguese,15,57
6,2009,07,Iceland,Yohanna,Is It True?,English,2,218
7,2009,08,Greece,Sakis Rouvas,This Is Our Night,English,7,120
8,2009,09,Armenia,Inga and Anush,Jan Jan (Ջան Ջան),"English, Armenian",10,92
9,2009,10,Russia,Anastasia Prikhodko,Mamo (Мамо),"Russian, Ukrainian",11,91
10,2009,11,Azerbaijan,AySel and Arash,Always,English,3,207
11,2009,12,Bosnia and Herzegovina,Regina,Bistra voda,Bosnian,9,106
12,2009,13,Moldova,Nelly Ciobanu,Hora din Moldova,"Romanian, English",14,69
13,2009,14,Malta,Chiara,What If We,English,22,31
14,2009,15,Estonia,Urban Symphony,Rändajad,Estonian,6,129
15,2009,16,Denmark,Brinck,Believe Again,English,13,74
16,2009,17,Germany,Alex Swings Oscar Sings!,Miss Kiss Kiss Bang,English,20,35
17,2009,18,Turkey,Hadise,Düm Tek Tek,"English, Turkish",4,177
18,2009,19,Albania,Kejsi Tola,Carry Me in Your Dreams,English,17,48
19,2009,20,Norway,Alexander Rybak,Fairytale,English,1,387
20,2009,21,Ukraine,Svetlana Loboda,Be My Valentine! (Anti-Crisis Girl),English,12,76
21,2009,22,Romania,Elena,The Balkan Girls,English,19,40
22,2009,23,United Kingdom,Jade Ewen,It's My Time,English,5,173
23,2009,24,Finland,Waldo's People,Lose Control,English,25,22
24,2009,25,Spain,Soraya Arnelas,La noche es para mí,"Spanish, English",24,23
0,2010,01,Azerbaijan,Safura,Drip Drop,English,5,145
1,2010,02,Spain,Daniel Diges,Algo pequeñito,Spanish,15,68
2,2010,03,Norway,Didrik Solli-Tangen,My Heart Is Yours,English,20,35
3,2010,04,Moldova,SunStroke Project and Olia Tira,Run Away,English,22,27
4,2010,05,Cyprus,Jon Lilygreen and the Islanders,Life Looks Better in Spring,English,21,27
5,2010,06,Bosnia and Herzegovina,Vukašin Brajić,Thunder and Lightning,English,17,51
6,2010,07,Belgium,Tom Dice,Me and My Guitar,English,6,143
7,2010,08,Serbia,Milan Stanković,Ovo je Balkan (Oво je Балкан),Serbian,13,72
8,2010,09,Belarus,3+2 feat. Robert Wells,Butterflies,English,24,18
9,2010,10,Ireland,Niamh Kavanagh,It's for You,English,23,25
10,2010,11,Greece,Giorgos Alkaios and Friends,Opa (Ώπα),Greek,8,140
11,2010,12,United Kingdom,Josh Dubovie,That Sounds Good to Me,English,25,10
12,2010,13,Georgia,Sofia Nizharadze,Shine,English,9,136
13,2010,14,Turkey,Manga,We Could Be the Same,English,2,170
14,2010,15,Albania,Juliana Pasha,It's All About You,English,16,62
15,2010,16,Iceland,Hera Björk,Je ne sais quoi,English,19,41
16,2010,17,Ukraine,Alyosha,Sweet People,English,10,108
17,2010,18,France,Jessy Matador,Allez Ola Olé,French,12,82
18,2010,19,Romania,Paula Seling and Ovi,Playing with Fire,English,3,162
19,2010,20,Russia,Peter Nalitch and Friends,Lost and Forgotten,English,11,90
20,2010,21,Armenia,Eva Rivas,Apricot Stone,English,7,141
21,2010,22,Germany,Lena,Satellite,English,1,246
22,2010,23,Portugal,Filipa Azevedo,Há dias assim,Portuguese,18,43
23,2010,24,Israel,Harel Skaat,Milim (מילים),Hebrew,14,71
24,2010,25,Denmark,Chanée and N'evergreen,In a Moment like This,English,4,149
0,2011,01,Finland,Paradise Oskar,Da Da Dam,English,21,57
1,2011,02,Bosnia and Herzegovina,Dino Merlin,Love in Rewind,English,6,125
2,2011,03,Denmark,A Friend in London,New Tomorrow,English,5,134
3,2011,04,Lithuania,Evelina Sašenko,C'est ma vie,English,19,63
4,2011,05,Hungary,Kati Wolf,What About My Dreams?,"English, Hungarian",22,53
5,2011,06,Ireland,Jedward,Lipstick,English,8,119
6,2011,07,Sweden,Eric Saade,Popular,English,3,185
7,2011,08,Estonia,Getter Jaani,Rockefeller Street,English,24,44
8,2011,09,Greece,Loukas Yorkas feat. Stereo Mike,Watch My Dance,"English, Greek",7,120
9,2011,10,Russia,Alexey Vorobyov,Get You,"English, Russian",16,77
10,2011,11,France,Amaury Vassili,Sognu,Corsican,15,82
11,2011,12,Italy,Raphael Gualazzi,Madness of Love,"Italian, English",2,189
12,2011,13,Switzerland,Anna Rossinelli,In Love for a While,English,25,19
13,2011,14,United Kingdom,Blue,I Can,English,11,100
14,2011,15,Moldova,Zdob și Zdub,So Lucky,English,12,97
15,2011,16,Germany,Lena,Taken by a Stranger,English,10,107
16,2011,17,Romania,Hotel FM,Change,English,17,77
17,2011,18,Austria,Nadine Beiler,The Secret Is Love,English,18,64
18,2011,19,Azerbaijan,Ell and Nikki,Running Scared,English,1,221
19,2011,20,Slovenia,Maja Keuc,No One,English,13,96
20,2011,21,Iceland,Sjonni's Friends,Coming Home,English,20,61
21,2011,22,Spain,Lucía Pérez,Que me quiten lo bailao,Spanish,23,50
22,2011,23,Ukraine,Mika Newton,Angel,English,4,159
23,2011,24,Serbia,Nina,Čaroban (Чаробан),Serbian,14,85
24,2011,25,Georgia,Eldrine,One More Day,English,9,110
0,2012,01,United Kingdom,Engelbert Humperdinck,Love Will Set You Free,English,25,12
1,2012,02,Hungary,Compact Disco,Sound of Our Hearts,English,24,19
2,2012,03,Albania,Rona Nishliu,Suus,Albanian,5,146
3,2012,04,Lithuania,Donny Montell,Love Is Blind,English,14,70
4,2012,05,Bosnia and Herzegovina,Maya Sar,Korake ti znam,Bosnian,18,55
5,2012,06,Russia,Buranovskiye Babushki,Party for Everybody,"Udmurt, English",2,259
6,2012,07,Iceland,Greta Salóme and Jónsi,Never Forget,English,20,46
7,2012,08,Cyprus,Ivi Adamou,La La Love,English,16,65
8,2012,09,France,Anggun,Echo (You and I),"French, English",22,21
9,2012,10,Italy,Nina Zilli,L'amore è femmina (Out of Love),"English, Italian",9,101
10,2012,11,Estonia,Ott Lepland,Kuula,Estonian,6,120
11,2012,12,Norway,Tooji,Stay,English,26,7
12,2012,13,Azerbaijan,Sabina Babayeva,When the Music Dies,English,4,150
13,2012,14,Romania,Mandinga,Zaleilah,"Spanish, English",12,71
14,2012,15,Denmark,Soluna Samay,Should've Known Better,English,23,21
15,2012,16,Greece,Eleftheria Eleftheriou,Aphrodisiac,English,17,64
16,2012,17,Sweden,Loreen,Euphoria,English,1,372
17,2012,18,Turkey,Can Bonomo,Love Me Back,English,7,112
18,2012,19,Spain,Pastora Soler,Quédate conmigo,Spanish,10,97
19,2012,20,Germany,Roman Lob,Standing Still,English,8,110
20,2012,21,Malta,Kurt Calleja,This Is the Night,English,21,41
21,2012,22,Macedonia,Kaliopi,Crno i belo (Црно и бело),Macedonian,13,71
22,2012,23,Ireland,Jedward,Waterline,English,19,46
23,2012,24,Serbia,Željko Joksimović,Nije ljubav stvar (Није љубав ствар),Serbian,3,214
24,2012,25,Ukraine,Gaitana,Be My Guest,English,15,65
25,2012,26,Moldova,Pasha Parfeny,Lăutar,English,11,81
0,2013,01,France,Amandine Bourgeois,L'enfer et moi,French,23,14
1,2013,02,Lithuania,Andrius Pojavis,Something,English,22,17
2,2013,03,Moldova,Aliona Moon,O mie,Romanian,11,71
3,2013,04,Finland,Krista Siegfrids,Marry Me,English,24,13
4,2013,05,Spain,ESDM,Contigo hasta el final,Spanish,25,8
5,2013,06,Belgium,Roberto Bellarosa,Love Kills,English,12,71
6,2013,07,Estonia,Birgit,Et uus saaks alguse,Estonian,20,19
7,2013,08,Belarus,Alyona Lanskaya,Solayoh,English,16,48
8,2013,09,Malta,Gianluca,Tomorrow,English,8,120
9,2013,10,Russia,Dina Garipova,What If,English,5,174
10,2013,11,Germany,Cascada,Glorious,English,21,18
11,2013,12,Armenia,Dorians,Lonely Planet,English,18,41
12,2013,13,Netherlands,Anouk,Birds,English,9,114
13,2013,14,Romania,Cezar,It's My Life,English,13,65
14,2013,15,United Kingdom,Bonnie Tyler,Believe in Me,English,19,23
15,2013,16,Sweden,Robin Stjernberg,You,English,14,62
16,2013,17,Hungary,ByeAlex,Kedvesem (Zoohacker Remix),Hungarian,10,84
17,2013,18,Denmark,Emmelie de Forest,Only Teardrops,English,1,281
18,2013,19,Iceland,Eythor Ingi,Ég á líf,Icelandic,17,47
19,2013,20,Azerbaijan,Farid Mammadov,Hold Me,English,2,234
20,2013,21,Greece,Koza Mostra feat. Agathon Iakovidis,Alcohol Is Free,Greek,6,152
21,2013,22,Ukraine,Zlata Ognevich,Gravity,English,3,214
22,2013,23,Italy,Marco Mengoni,L'essenziale,Italian,7,126
23,2013,24,Norway,Margaret Berger,I Feed You My Love,English,4,191
24,2013,25,Georgia,Nodi Tatishvili and Sophie Gelovani,Waterfall,English,15,50
25,2013,26,Ireland,Ryan Dolan,Only Love Survives,English,26,5
0,2014,01,Ukraine,Mariya Yaremchuk,Tick-Tock,English,6,113
1,2014,02,Belarus,Teo,Cheesecake,English,16,43
2,2014,03,Azerbaijan,Dilara Kazimova,Start a Fire,English,22,33
3,2014,04,Iceland,Pollapönk,No Prejudice,English,15,58
4,2014,05,Norway,Carl Espen,Silent Storm,English,8,88
5,2014,06,Romania,Paula Seling and Ovi,Miracle,English,12,72
6,2014,07,Armenia,Aram Mp3,Not Alone,English,4,174
7,2014,08,Montenegro,Sergej Ćetković,Moj svijet (Мој свијет),Montenegrin,19,37
8,2014,09,Poland,Donatan and Cleo,My Słowianie – We Are Slavic,"Polish, English",14,62
9,2014,10,Greece,Freaky Fortune feat. RiskyKidd,Rise Up,English,20,35
10,2014,11,Austria,Conchita Wurst,Rise Like a Phoenix,English,1,290
11,2014,12,Germany,Elaiza,Is It Right,English,18,39
12,2014,13,Sweden,Sanna Nielsen,Undo,English,3,218
13,2014,14,France,Twin Twin,Moustache,French,26,2
14,2014,15,Russia,Tolmachevy Sisters,Shine,English,7,89
15,2014,16,Italy,Emma,La mia città,Italian,21,33
16,2014,17,Slovenia,Tinkara Kovač,Round and Round,"English, Slovene",25,9
17,2014,18,Finland,Softengine,Something Better,English,11,72
18,2014,19,Spain,Ruth Lorenzo,Dancing in the Rain,"English, Spanish",10,74
19,2014,20,Switzerland,Sebalter,Hunter of Stars,English,13,64
20,2014,21,Hungary,András Kállay-Saunders,Running,English,5,143
21,2014,22,Malta,Firelight,Coming Home,English,23,32
22,2014,23,Denmark,Basim,Cliche Love Song,English,9,74
23,2014,24,Netherlands,The Common Linnets,Calm After the Storm,English,2,238
24,2014,25,San Marino,Valentina Monetta,Maybe,English,24,14
25,2014,26,United Kingdom,Molly,Children of the Universe,English,17,40
0,2015,01,Slovenia,Maraaya,Here for You,English,14,39
1,2015,02,France,Lisa Angell,N'oubliez pas,French,25,4
2,2015,03,Israel,Nadav Guedj,Golden Boy,English,9,97
3,2015,04,Estonia,Elina Born and Stig Rästa,Goodbye to Yesterday,English,7,106
4,2015,05,United Kingdom,Electro Velvet,Still in Love with You,English,24,5
5,2015,06,Armenia,Genealogy,Face the Shadow,English,16,34
6,2015,07,Lithuania,Monika Linkytė and Vaidas Baumila,This Time,English,18,30
7,2015,08,Serbia,Bojana Stamenov,Beauty Never Lies,English,10,53
8,2015,09,Norway,Mørland and Debrah Scarlett,A Monster Like Me,English,8,102
9,2015,10,Sweden,Måns Zelmerlöw,Heroes,English,1,365
10,2015,11,Cyprus,John Karayiannis,One Thing I Should Have Done,English,22,11
11,2015,12,Australia,Guy Sebastian,Tonight Again,English,5,196
12,2015,13,Belgium,Loïc Nottet,Rhythm Inside,English,4,217
13,2015,14,Austria,The Makemakes,I Am Yours,English,26,0
14,2015,15,Greece,Maria Elena Kyriakou,One Last Breath,English,19,23
15,2015,16,Montenegro,Knez,Adio (Адио),Montenegrin,13,44
16,2015,17,Germany,Ann Sophie,Black Smoke,English,27,0
17,2015,18,Poland,Monika Kuszyńska,In the Name of Love,English,23,10
18,2015,19,Latvia,Aminata,Love Injected,English,6,186
19,2015,20,Romania,Voltaj,De la capăt,"Romanian, English",15,35
20,2015,21,Spain,Edurne,Amanecer,Spanish,21,15
21,2015,22,Hungary,Boggie,Wars for Nothing,English,20,19
22,2015,23,Georgia,Nina Sublatti,Warrior,English,11,51
23,2015,24,Azerbaijan,Elnur Hüseynov,Hour of the Wolf,English,12,49
24,2015,25,Russia,Polina Gagarina,A Million Voices,English,2,303
25,2015,26,Albania,Elhaida Dani,I'm Alive,English,17,34
26,2015,27,Italy,Il Volo,Grande amore,Italian,3,292
0,2016,01,Belgium,Laura Tesoro,What's the Pressure,English,10,181
1,2016,02,Czech Republic,Gabriela Gunčíková,I Stand,English,25,41
2,2016,03,Netherlands,Douwe Bob,Slow Down,English,11,153
3,2016,04,Azerbaijan,Samra,Miracle,English,17,117
4,2016,05,Hungary,Freddie,Pioneer,English,19,108
5,2016,06,Italy,Francesca Michielin,No Degree of Separation,"Italian, English",16,124
6,2016,07,Israel,Hovi Star,Made of Stars,English,14,135
7,2016,08,Bulgaria,Poli Genova,If Love Was a Crime,"English, Bulgarian",4,307
8,2016,09,Sweden,Frans,If I Were Sorry,English,5,261
9,2016,10,Germany,Jamie-Lee,Ghost,English,26,11
10,2016,11,France,Amir,J'ai cherché,"French, English",6,257
11,2016,12,Poland,Michał Szpak,Color of Your Life,English,8,229
12,2016,13,Australia,Dami Im,Sound of Silence,English,2,511
13,2016,14,Cyprus,Minus One,Alter Ego,English,21,96
14,2016,15,Serbia,Sanja Vučić ZAA,Goodbye (Shelter),English,18,115
15,2016,16,Lithuania,Donny Montell,I've Been Waiting for This Night,English,9,200
16,2016,17,Croatia,Nina Kraljić,Lighthouse,English,23,73
17,2016,18,Russia,Sergey Lazarev,You Are the Only One,English,3,491
18,2016,19,Spain,Barei,Say Yay!,English,22,77
19,2016,20,Latvia,Justs,Heartbeat,English,15,132
20,2016,21,Ukraine,Jamala,1944,"English, Crimean Tatar",1,534
21,2016,22,Malta,Ira Losco,Walk on Water,English,12,153
22,2016,23,Georgia,Nika Kocharov and Young Georgian Lolitaz,Midnight Gold,English,20,104
23,2016,24,Austria,Zoë,Loin d'ici,French,13,151
24,2016,25,United Kingdom,Joe and Jake,You're Not Alone,English,24,62
25,2016,26,Armenia,Iveta Mukuchyan,LoveWave,English,7,249
0,2017,01,Israel,Imri,I Feel Alive,English,23,39
1,2017,02,Poland,Kasia Moś,Flashlight,English,22,64
2,2017,03,Belarus,Naviband,Story of My Life,Belarusian,17,83
3,2017,04,Austria,Nathan Trent,Running on Air,English,16,93
4,2017,05,Armenia,Artsvik,Fly with Me,English,18,79
5,2017,06,Netherlands,O'G3NE,Lights and Shadows,English,11,150
6,2017,07,Moldova,SunStroke Project,Hey Mamma,English,3,374
7,2017,08,Hungary,Joci Pápai,Origo,Hungarian,8,200
8,2017,09,Italy,Francesco Gabbani,Occidentali's Karma,Italian,6,334
9,2017,10,Denmark,Anja,Where I Am,English,20,77
10,2017,11,Portugal,Salvador Sobral,Amar pelos dois,Portuguese,1,758
11,2017,12,Azerbaijan,Dihaj,Skeletons,English,14,120
12,2017,13,Croatia,Jacques Houdek,My Friend,"English, Italian",13,128
13,2017,14,Australia,Isaiah,Don't Come Easy,English,9,173
14,2017,15,Greece,Demy,This Is Love,English,19,77
15,2017,16,Spain,Manel Navarro,Do It for Your Lover,"Spanish, English",26,5
16,2017,17,Norway,Jowst,Grab the Moment,English,10,158
17,2017,18,United Kingdom,Lucie Jones,Never Give Up on You,English,15,111
18,2017,19,Cyprus,Hovig,Gravity,English,21,68
19,2017,20,Romania,Ilinca feat. Alex Florea,Yodel It!,English,7,282
20,2017,21,Germany,Levina,Perfect Life,English,25,6
21,2017,22,Ukraine,O.Torvald,Time,English,24,36
22,2017,23,Belgium,Blanche,City Lights,English,4,363
23,2017,24,Sweden,Robin Bengtsson,I Can't Go On,English,5,344
24,2017,25,Bulgaria,Kristian Kostov,Beautiful Mess,English,2,615
25,2017,26,France,Alma,Requiem,"French, English",12,135
0,2018,01,Ukraine,Mélovin,Under the Ladder,English,17,130
1,2018,02,Spain,Amaia and Alfred,Tu canción,Spanish,23,61
2,2018,03,Slovenia,Lea Sirk,"Hvala, ne!",Slovene,22,64
3,2018,04,Lithuania,Ieva Zasimauskaitė,When We're Old,English,12,181
4,2018,05,Austria,Cesár Sampson,Nobody but You,English,3,342
5,2018,06,Estonia,Elina Nechayeva,La forza,Italian,8,245
6,2018,07,Norway,Alexander Rybak,That's How You Write a Song,English,15,144
7,2018,08,Portugal,Cláudia Pascoal,O jardim,Portuguese,26,39
8,2018,09,United Kingdom,SuRie,Storm,English,24,48
9,2018,10,Serbia,Sanja Ilić and Balkanika,Nova deca (Нова деца),Serbian,19,113
10,2018,11,Germany,Michael Schulte,You Let Me Walk Alone,English,4,340
11,2018,12,Albania,Eugent Bushpepa,Mall,Albanian,11,184
12,2018,13,France,Madame Monsieur,Mercy,French,13,173
13,2018,14,Czech Republic,Mikolas Josef,Lie to Me,English,6,281
14,2018,15,Denmark,Rasmussen,Higher Ground,English,9,226
15,2018,16,Australia,Jessica Mauboy,We Got Love,English,20,99
16,2018,17,Finland,Saara Aalto,Monsters,English,25,46
17,2018,18,Bulgaria,Equinox,Bones,English,14,166
18,2018,19,Moldova,DoReDoS,My Lucky Day,English,10,209
19,2018,20,Sweden,Benjamin Ingrosso,Dance You Off,English,7,274
20,2018,21,Hungary,AWS,Viszlát nyár,Hungarian,21,93
21,2018,22,Israel,Netta,Toy,English,1,529
22,2018,23,Netherlands,Waylon,Outlaw in 'Em,English,18,121
23,2018,24,Ireland,Ryan O'Shaughnessy,Together,English,16,136
24,2018,25,Cyprus,Eleni Foureira,Fuego,English,2,436
25,2018,26,Italy,Ermal Meta and Fabrizio Moro,Non mi avete fatto niente,Italian,5,308
0,2019,01,Malta,Michela,Chameleon,English,14,107
1,2019,02,Albania,Jonida Maliqi,Ktheju tokës,Albanian,17,90
2,2019,03,Czech Republic,Lake Malawi,Friend of a Friend,English,11,157
3,2019,04,Germany,Sisters,Sister,English,25,24
4,2019,05,Russia,Sergey Lazarev,Scream,English,3,370
5,2019,06,Denmark,Leonora,Love Is Forever,"English, French",12,120
6,2019,07,San Marino,Serhat,Say Na Na Na,English,19,77
7,2019,08,North Macedonia,Tamara Todevska,Proud,English,7,305
8,2019,09,Sweden,John Lundvik,Too Late for Love,English,5,334
9,2019,10,Slovenia,Zala Kralj and Gašper Šantl,Sebi,Slovene,15,105
10,2019,11,Cyprus,Tamta,Replay,English,13,109
11,2019,12,Netherlands,Duncan Laurence,Arcade,English,1,498
12,2019,13,Greece,Katerine Duska,Better Love,English,21,74
13,2019,14,Israel,Kobi Marimi,Home,English,23,35
14,2019,15,Norway,Keiino,Spirit in the Sky,English,6,331
15,2019,16,United Kingdom,Michael Rice,Bigger than Us,English,26,11
16,2019,17,Iceland,Hatari,Hatrið mun sigra,Icelandic,10,232
17,2019,18,Estonia,Victor Crone,Storm,English,20,76
18,2019,19,Belarus,Zena,Like It,English,24,31
19,2019,20,Azerbaijan,Chingiz,Truth,English,8,302
20,2019,21,France,Bilal Hassani,Roi,"French, English",16,105
21,2019,22,Italy,Mahmood,Soldi,Italian,2,472
22,2019,23,Serbia,Nevena Božović,Kruna (Круна),Serbian,18,89
23,2019,24,Switzerland,Luca Hänni,She Got Me,English,4,364
24,2019,25,Australia,Kate Miller-Heidke,Zero Gravity,English,9,284
25,2019,26,Spain,Miki,La venda,Spanish,22,54
0,2021,01,Cyprus,Elena Tsagrinou,El Diablo,English,16,94
1,2021,02,Albania,Anxhela Peristeri,Karma,Albanian,21,57
2,2021,03,Israel,Eden Alene,Set Me Free,English,17,93
3,2021,04,Belgium,Hooverphonic,The Wrong Place,English,19,74
4,2021,05,Russia,Manizha,Russian Woman,"Russian, English",9,204
5,2021,06,Malta,Destiny,Je me casse,English,7,255
6,2021,07,Portugal,The Black Mamba,Love Is on My Side,English,12,153
7,2021,08,Serbia,Hurricane,Loco Loco,Serbian,15,102
8,2021,09,United Kingdom,James Newman,Embers,English,26,0
9,2021,10,Greece,Stefania,Last Dance,English,10,170
10,2021,11,Switzerland,Gjon's Tears,Tout l'univers,French,3,432
11,2021,12,Iceland,Daði og Gagnamagnið,10 Years,English,4,378
12,2021,13,Spain,Blas Cantó,Voy a quedarme,Spanish,24,6
13,2021,14,Moldova,Natalia Gordienko,Sugar,English,13,115
14,2021,15,Germany,Jendrik,I Don't Feel Hate,English,25,3
15,2021,16,Finland,Blind Channel,Dark Side,English,6,301
16,2021,17,Bulgaria,Victoria,Growing Up Is Getting Old,English,11,170
17,2021,18,Lithuania,The Roop,Discoteque,English,8,220
18,2021,19,Ukraine,Go_A,Shum (Шум),Ukrainian,5,364
19,2021,20,France,Barbara Pravi,Voilà,French,2,499
20,2021,21,Azerbaijan,Efendi,Mata Hari,English,20,65
21,2021,22,Norway,Tix,Fallen Angel,English,18,75
22,2021,23,Netherlands,Jeangu Macrooy,Birth of a New Age,"English, Sranan Tongo",23,11
23,2021,24,Italy,Måneskin,Zitti e buoni,Italian,1,524
24,2021,25,Sweden,Tusse,Voices,English,14,109
25,2021,26,San Marino,Senhit,Adrenalina,English,22,50
0,2022,01,Czech Republic,We Are Domi,Lights Off,English,22,38
1,2022,02,Romania,WRS,Llámame,English,18,65
2,2022,03,Portugal,Maro,"Saudade, saudade","English, Portuguese",9,207
3,2022,04,Finland,The Rasmus,Jezebel,English,21,38
4,2022,05,Switzerland,Marius Bear,Boys Do Cry,English,17,78
5,2022,06,France,Alvan and Ahez,Fulenn,Breton,24,17
6,2022,07,Norway,Subwoolfer,Give That Wolf a Banana,English,10,182
7,2022,08,Armenia,Rosa Linn,Snap,English,20,61
8,2022,09,Italy,Mahmood and Blanco,Brividi,Italian,6,268
9,2022,10,Spain,Chanel,SloMo,"Spanish, English",3,459
10,2022,11,Netherlands,S10,De diepte,Dutch,11,171
11,2022,12,Ukraine,Kalush Orchestra,Stefania (Стефанія),Ukrainian,1,631
12,2022,13,Germany,Malik Harris,Rockstars,English,25,6
13,2022,14,Lithuania,Monika Liu,Sentimentai,Lithuanian,14,128
14,2022,15,Azerbaijan,Nadir Rustamli,Fade to Black,English,16,106
15,2022,16,Belgium,Jérémie Makiese,Miss You,English,19,64
16,2022,17,Greece,Amanda Georgiadi Tenfjord,Die Together,English,8,215
17,2022,18,Iceland,Systur,Með hækkandi sól,Icelandic,23,20
18,2022,19,Moldova,Zdob și Zdub and Advahov Brothers,Trenulețul,"Romanian, English",7,253
19,2022,20,Sweden,Cornelia Jakobs,Hold Me Closer,English,4,438
20,2022,21,Australia,Sheldon Riley,Not the Same,English,15,125
21,2022,22,United Kingdom,Sam Ryder,Space Man,English,2,466
22,2022,23,Poland,Ochman,River,English,12,151
23,2022,24,Serbia,Konstrakta,In corpore sano,"Serbian, Latin",5,312
24,2022,25,Estonia,Stefan,Hope,English,13,141
