,Year,SF,SF_Order,Country,Artist,Song,Language,SF_Points,SF_Place
0,2004,SF,1,Finland,Jari Sillanpää,Takes 2 to Tango,English,51,14
1,2004,SF,2,Belarus,Aleksandra and Konstantin,My Galileo,English,10,19
2,2004,SF,3,Switzerland,Piero and the MusicStars,Celebrate,English,0,22
3,2004,SF,4,Latvia,Fomins and Kleins,Dziesma par laimi,Latvian,23,17
4,2004,SF,5,Israel,David D'Or,Leha'amin (להאמין),"Hebrew, English",57,11
5,2004,SF,6,Andorra,Marta Roure,Jugarem a estimar-nos,Catalan,12,18
6,2004,SF,7,Portugal,Sofia Vitória,Foi magia,Portuguese,38,15
7,2004,SF,8,Malta,Julie and Ludwig,On Again... Off Again,English,74,8
8,2004,SF,9,Monaco,Maryon,Notre planète,French,10,19
9,2004,SF,10,Greece,Sakis Rouvas,Shake It,English,238,3
10,2004,SF,11,Ukraine,Ruslana,Wild Dances,"English, Ukrainian",256,2
11,2004,SF,12,Lithuania,Linas and Simona,What's Happened to Your Love,English,26,16
12,2004,SF,13,Albania,Anjeza Shahini,The Image of You,English,167,4
13,2004,SF,14,Cyprus,Lisa Andreas,Stronger Every Minute,English,149,5
14,2004,SF,15,Macedonia,Toše Proeski,Life,English,71,10
15,2004,SF,16,Slovenia,Platin,Stay Forever,English,5,21
16,2004,SF,17,Estonia,Neiokõsõ,Tii,Võro,57,11
17,2004,SF,18,Croatia,Ivan Mikulić,You Are the Only One,English,72,9
18,2004,SF,19,Denmark,Tomas Thordarson,Shame on You,English,56,13
19,2004,SF,20,Serbia and Montenegro,Željko Joksimović and Ad-Hoc Orchestra,Lane moje (Лане моје),Serbian,263,1
20,2004,SF,21,Bosnia and Herzegovina,Deen,In the Disco,English,133,7
21,2004,SF,22,Netherlands,Re-union,Without You,English,146,6
0,2005,SF,1,Austria,Global.Kryner,Y así,"English, Spanish",30,21
1,2005,SF,2,Lithuania,Laura and the Lovers,Little by Little,English,17,25
2,2005,SF,3,Portugal,2B,Amar,"Portuguese, English",51,17
3,2005,SF,4,Moldova,Zdob și Zdub,Boonika bate toba,"English, Romanian",207,2
4,2005,SF,5,Latvia,Walters and Kazha,The War Is Not Over,English,85,10
5,2005,SF,6,Monaco,Lise Darly,Tout de moi,French,22,24
6,2005,SF,7,Israel,Shiri Maimon,HaSheket SheNish'ar (השקט שנשאר),"Hebrew, English",158,7
7,2005,SF,8,Belarus,Angelica Agurbash,Love Me Tonight,English,67,13
8,2005,SF,9,Netherlands,Glennis Grace,My Impossible Dream,English,53,14
9,2005,SF,10,Iceland,Selma,If I Had Your Love,English,52,16
10,2005,SF,11,Belgium,Nuno Resende,Le Grand soir,French,29,22
11,2005,SF,12,Estonia,Suntribe,Let's Get Loud,English,31,20
12,2005,SF,13,Norway,Wig Wam,In My Dreams,English,164,6
13,2005,SF,14,Romania,Luminița Anghel and Sistem,Let Me Try,English,235,1
14,2005,SF,15,Hungary,Nox,"Forogj, világ",Hungarian,167,5
15,2005,SF,16,Finland,Geir Rönning,Why,English,50,18
16,2005,SF,17,Macedonia,Martin Vučić,Make My Day,English,97,9
17,2005,SF,18,Andorra,Marian van de Wal,La mirada interior,Catalan,27,23
18,2005,SF,19,Switzerland,Vanilla Ninja,Cool Vibes,English,114,8
19,2005,SF,20,Croatia,Boris Novković feat. Lado members,Vukovi umiru sami,Croatian,169,4
20,2005,SF,21,Bulgaria,Kaffe,Lorraine,English,49,19
21,2005,SF,22,Ireland,Donna and Joe,Love?,English,53,14
22,2005,SF,23,Slovenia,Omar Naber,Stop,Slovene,69,12
23,2005,SF,24,Denmark,Jakob Sveistrup,Talking to You,English,185,3
24,2005,SF,25,Poland,Ivan and Delfin,Czarna dziewczyna,"Polish, Russian",81,11
0,2006,SF,1,Armenia,André,Without Your Love,English,150,6
1,2006,SF,2,Bulgaria,Mariana Popova,Let Me Cry,English,36,17
2,2006,SF,3,Slovenia,Anžej Dežan,Mr Nobody,English,49,16
3,2006,SF,4,Andorra,Jenny,Sense tu,Catalan,8,23
4,2006,SF,5,Belarus,Polina Smolova,Mum,English,10,22
5,2006,SF,6,Albania,Luiz Ejlli,Zjarr e ftohtë,Albanian,58,14
6,2006,SF,7,Belgium,Kate Ryan,Je t'adore,English,69,12
7,2006,SF,8,Ireland,Brian Kennedy,Every Song Is a Cry for Love,English,79,9
8,2006,SF,9,Cyprus,Annet Artani,Why Angels Cry,English,57,15
9,2006,SF,10,Monaco,Séverine Ferrer,La Coco-Dance,"French, Tahitian",14,21
10,2006,SF,11,Macedonia,Elena Risteska,Ninanajna (Нинанајна),"English, Macedonian",76,10
11,2006,SF,12,Poland,Ich Troje,Follow My Heart,"English, Polish, German, Russian",70,11
12,2006,SF,13,Russia,Dima Bilan,Never Let You Go,English,217,3
13,2006,SF,14,Turkey,Sibel Tüzün,Süper Star,Turkish,91,8
14,2006,SF,15,Ukraine,Tina Karol,Show Me Your Love,English,146,7
15,2006,SF,16,Finland,Lordi,Hard Rock Hallelujah,English,292,1
16,2006,SF,17,Netherlands,Treble,Amambanda,"English, Imaginary",22,20
17,2006,SF,18,Lithuania,LT United,We Are the Winners,English,163,5
18,2006,SF,19,Portugal,Nonstop,Coisas de nada,"Portuguese, English",26,19
19,2006,SF,20,Sweden,Carola,Invincible,English,214,4
20,2006,SF,21,Estonia,Sandra,Through My Window,English,28,18
21,2006,SF,22,Bosnia and Herzegovina,Hari Mata Hari,Lejla,Bosnian,267,2
22,2006,SF,23,Iceland,Silvía Night,Congratulations,English,62,13
0,2007,SF,1,Bulgaria,Elitsa Todorova and Stoyan Yankoulov,Water,Bulgarian,146,6
1,2007,SF,2,Israel,Teapacks,Push the Button,"English, French, Hebrew",17,24
2,2007,SF,3,Cyprus,Evridiki,"Comme ci, comme ça",French,65,15
3,2007,SF,4,Belarus,Koldun,Work Your Magic,English,176,4
4,2007,SF,5,Iceland,Eiríkur Hauksson,Valentine Lost,English,77,13
5,2007,SF,6,Georgia,Sopho,Visionary Dream,English,123,8
6,2007,SF,7,Montenegro,Stevan Faddy,"'Ajde, kroči ('Ајде, крочи)",Montenegrin,33,22
7,2007,SF,8,Switzerland,DJ BoBo,Vampires Are Alive,English,40,20
8,2007,SF,9,Moldova,Natalia Barbu,Fight,English,91,10
9,2007,SF,10,Netherlands,Edsilia Rombley,On Top of the World,English,38,21
10,2007,SF,11,Albania,Frederik Ndoci,Hear My Plea,"English, Albanian",49,17
11,2007,SF,12,Denmark,DQ,Drama Queen,English,45,19
12,2007,SF,13,Croatia,Dragonfly feat. Dado Topić,Vjerujem u ljubav,"Croatian, English",54,16
13,2007,SF,14,Poland,The Jet Set,Time to Party,English,75,14
14,2007,SF,15,Serbia,Marija Šerifović,Molitva (Молитва),Serbian,298,1
15,2007,SF,16,Czech Republic,Kabát,Malá dáma,Czech,1,28
16,2007,SF,17,Portugal,Sabrina,Dança comigo,"Portuguese, English",88,11
17,2007,SF,18,Macedonia,Karolina,Mojot svet (Мојот свет),"Macedonian, English",97,9
18,2007,SF,19,Norway,Guri Schanke,Ven a bailar conmigo,English,48,18
19,2007,SF,20,Malta,Olivia Lewis,Vertigo,English,15,25
20,2007,SF,21,Andorra,Anonymous,Salvem el món,"Catalan, English",80,12
21,2007,SF,22,Hungary,Magdi Rúzsa,Unsubstantial Blues,English,224,2
22,2007,SF,23,Estonia,Gerli Padar,Partners in Crime,English,33,22
23,2007,SF,24,Belgium,The KMG's,LovePower,English,14,26
24,2007,SF,25,Slovenia,Alenka Gotar,Cvet z juga,Slovene,140,7
25,2007,SF,26,Turkey,Kenan Doğulu,Shake It Up Şekerim,English,197,3
26,2007,SF,27,Austria,Eric Papilaya,Get a Life – Get Alive,English,4,27
27,2007,SF,28,Latvia,Bonaparti.lv,Questa notte,Italian,168,5
0,2008,1,1,Montenegro,Stefan Filipović,Zauvijek volim te (Заувијек волим те),Montenegrin,23,14
1,2008,1,2,Israel,Boaz,The Fire in Your Eyes,Hebrew,104,5
2,2008,1,3,Estonia,Kreisiraadio,Leto svet,"Serbian, German, Finnish",8,18
3,2008,1,4,Moldova,Geta Burlacu,A Century of Love,English,36,12
4,2008,1,5,San Marino,Miodio,Complice,Italian,5,19
5,2008,1,6,Belgium,Ishtar,O Julissi,Imaginary,16,17
6,2008,1,7,Azerbaijan,Elnur and Samir,Day After Day,English,96,6
7,2008,1,8,Slovenia,Rebeka Dremelj,Vrag naj vzame,Slovene,36,11
8,2008,1,9,Norway,Maria,Hold On Be Strong,English,106,4
9,2008,1,10,Poland,Isis Gee,For Life,English,42,10
10,2008,1,11,Ireland,Dustin the Turkey,Irelande Douze Pointe,English,22,15
11,2008,1,12,Andorra,Gisela,Casanova,English,22,16
12,2008,1,13,Bosnia and Herzegovina,Laka,Pokušaj,Bosnian,72,9
13,2008,1,14,Armenia,Sirusho,"Qélé, Qélé (Քելե Քելե)","English, Armenian",139,2
14,2008,1,15,Netherlands,Hind,Your Heart Belongs to Me,English,27,13
15,2008,1,16,Finland,Teräsbetoni,Missä miehet ratsastaa,Finnish,79,8
16,2008,1,17,Romania,Nico and Vlad,Pe-o margine de lume,"Romanian, Italian",94,7
17,2008,1,18,Russia,Dima Bilan,Believe,English,135,3
18,2008,1,19,Greece,Kalomira,Secret Combination,English,156,1
0,2008,2,1,Iceland,Euroband,This Is My Life,English,68,8
1,2008,2,2,Sweden,Charlotte Perrelli,Hero,English,54,12
2,2008,2,3,Turkey,Mor ve Ötesi,Deli,Turkish,85,7
3,2008,2,4,Ukraine,Ani Lorak,Shady Lady,English,152,1
4,2008,2,5,Lithuania,Jeronimas Milius,Nomads in the Night,English,30,16
5,2008,2,6,Albania,Olta Boka,Zemrën e lamë peng,Albanian,67,9
6,2008,2,7,Switzerland,Paolo Meneguzzi,Era stupendo,Italian,47,13
7,2008,2,8,Czech Republic,Tereza Kerndlová,Have Some Fun,English,9,18
8,2008,2,9,Belarus,Ruslan Alehno,Hasta la vista,English,27,17
9,2008,2,10,Latvia,Pirates of the Sea,Wolves of the Sea,English,86,6
10,2008,2,11,Croatia,Kraljevi ulice and 75 Cents,Romanca,Croatian,112,4
11,2008,2,12,Bulgaria,Deep Zone and Balthazar,"DJ, Take Me Away",English,56,11
12,2008,2,13,Denmark,Simon Mathew,All Night Long,English,112,3
13,2008,2,14,Georgia,Diana Gurtskaya,Peace Will Come,English,107,5
14,2008,2,15,Hungary,Csézy,Candlelight,"English, Hungarian",6,19
15,2008,2,16,Malta,Morena,Vodka,English,38,14
16,2008,2,17,Cyprus,Evdokia Kadi,Femme Fatale,Greek,36,15
17,2008,2,18,Macedonia,"Tamara, Vrčak and Adrijan",Let Me Love You,English,64,10
18,2008,2,19,Portugal,Vânia Fernandes,Senhora do mar (negras águas),Portuguese,120,2
0,2009,1,1,Montenegro,Andrea Demirović,Just Get Out of My Life,English,44,11
1,2009,1,2,Czech Republic,Gipsy.cz,Aven Romale,"English, Romani",0,18
2,2009,1,3,Belgium,Copycat,Copycat,English,1,17
3,2009,1,4,Belarus,Petr Elfimov,Eyes That Never Lie,English,25,13
4,2009,1,5,Sweden,Malena Ernman,La Voix,"French, English",105,4
5,2009,1,6,Armenia,Inga and Anush,Jan Jan (Ջան Ջան),"English, Armenian",99,5
6,2009,1,7,Andorra,Susanne Georgi,La teva decisió (Get a Life),"Catalan, English",8,15
7,2009,1,8,Switzerland,Lovebugs,The Highest Heights,English,15,14
8,2009,1,9,Turkey,Hadise,Düm Tek Tek,English,172,2
9,2009,1,10,Israel,Noa and Mira Awad,There Must Be Another Way,"English, Hebrew, Arabic",75,7
10,2009,1,11,Bulgaria,Krassimir Avramov,Illusion,English,7,16
11,2009,1,12,Iceland,Yohanna,Is It True?,English,174,1
12,2009,1,13,Macedonia,Next Time,Nešto što kje ostane (Нешто што ќе остане),Macedonian,45,10
13,2009,1,14,Romania,Elena,The Balkan Girls,English,67,9
14,2009,1,15,Finland,Waldo's People,Lose Control,English,42,12
15,2009,1,16,Portugal,Flor-de-Lis,Todas as ruas do amor,Portuguese,70,8
16,2009,1,17,Malta,Chiara,What If We,English,86,6
17,2009,1,18,Bosnia and Herzegovina,Regina,Bistra voda,Bosnian,125,3
0,2009,2,1,Croatia,Igor Cukrov feat. Andrea,Lijepa Tena,Croatian,33,13
1,2009,2,2,Ireland,Sinéad Mulvey and Black Daisy,Et Cetera,English,52,11
2,2009,2,3,Latvia,Intars Busulis,Probka (Пробка),Russian,7,19
3,2009,2,4,Serbia,Marko Kon and Milaan,Cipela (Ципела),Serbian,60,10
4,2009,2,5,Poland,Lidia Kopania,I Don't Wanna Leave,English,43,12
5,2009,2,6,Norway,Alexander Rybak,Fairytale,English,201,1
6,2009,2,7,Cyprus,Christina Metaxa,Firefly,English,32,14
7,2009,2,8,Slovakia,Kamil Mikulčík and Nela Pocisková,Leť tmou,Slovak,8,18
8,2009,2,9,Denmark,Brinck,Believe Again,English,69,8
9,2009,2,10,Slovenia,Quartissimo feat. Martina,Love Symphony,"English, Slovene",14,16
10,2009,2,11,Hungary,Zoli Ádok,Dance with Me,English,16,15
11,2009,2,12,Azerbaijan,AySel and Arash,Always,English,180,2
12,2009,2,13,Greece,Sakis Rouvas,This Is Our Night,English,110,4
13,2009,2,14,Lithuania,Sasha Son,Love,"English, Russian",66,9
14,2009,2,15,Moldova,Nelly Ciobanu,Hora din Moldova,"Romanian, English",106,5
15,2009,2,16,Albania,Kejsi Tola,Carry Me in Your Dreams,English,73,7
16,2009,2,17,Ukraine,Svetlana Loboda,Be My Valentine! (Anti-Crisis Girl),English,80,6
17,2009,2,18,Estonia,Urban Symphony,Rändajad,Estonian,115,3
18,2009,2,19,Netherlands,The Toppers,Shine,English,11,17
0,2010,1,1,Moldova,SunStroke Project and Olia Tira,Run Away,English,52,10
1,2010,1,2,Russia,Peter Nalitch and Friends,Lost and Forgotten,English,74,7
2,2010,1,3,Estonia,Malcolm Lincoln,Siren,English,39,14
3,2010,1,4,Slovakia,Kristína,Horehronie,Slovak,24,16
4,2010,1,5,Finland,Kuunkuiskaajat,Työlki ellää,Finnish,49,11
5,2010,1,6,Latvia,Aisha,What For?,English,11,17
6,2010,1,7,Serbia,Milan Stanković,Ovo je Balkan (Oво je Балкан),Serbian,79,5
7,2010,1,8,Bosnia and Herzegovina,Vukašin Brajić,Thunder and Lightning,English,59,8
8,2010,1,9,Poland,Marcin Mroziński,Legenda,"English, Polish",44,13
9,2010,1,10,Belgium,Tom Dice,Me and My Guitar,English,167,1
10,2010,1,11,Malta,Thea Garrett,My Dream,English,45,12
11,2010,1,12,Albania,Juliana Pasha,It's All About You,English,76,6
12,2010,1,13,Greece,Giorgos Alkaios and Friends,Opa (Ώπα),Greek,133,2
13,2010,1,14,Portugal,Filipa Azevedo,Há dias assim,Portuguese,89,4
14,2010,1,15,Macedonia,Gjoko Taneski,Jas ja imam silata (Јас ја имам силата),Macedonian,37,15
15,2010,1,16,Belarus,3+2 feat. Robert Wells,Butterflies,English,59,9
16,2010,1,17,Iceland,Hera Björk,Je ne sais quoi,English,123,3
0,2010,2,1,Lithuania,InCulto,Eastern European Funk,English,44,12
1,2010,2,2,Armenia,Eva Rivas,Apricot Stone,English,83,6
2,2010,2,3,Israel,Harel Skaat,Milim (מילים),Hebrew,71,8
3,2010,2,4,Denmark,Chanée and N'evergreen,In a Moment like This,English,101,5
4,2010,2,5,Switzerland,Michael von der Heide,Il pleut de l'or,French,2,17
5,2010,2,6,Sweden,Anna Bergendahl,This Is My Life,English,62,11
6,2010,2,7,Azerbaijan,Safura,Drip Drop,English,113,2
7,2010,2,8,Ukraine,Alyosha,Sweet People,English,77,7
8,2010,2,9,Netherlands,Sieneke,Ik ben verliefd (Sha-la-lie),Dutch,29,14
9,2010,2,10,Romania,Paula Seling and Ovi,Playing with Fire,English,104,4
10,2010,2,11,Slovenia,Ansambel Žlindra and Kalamari,Narodnozabavni rock,Slovene,6,16
11,2010,2,12,Ireland,Niamh Kavanagh,It's for You,English,67,9
12,2010,2,13,Bulgaria,Miro,Angel si ti (Ангел си ти),"Bulgarian, English",19,15
13,2010,2,14,Cyprus,Jon Lilygreen and the Islanders,Life Looks Better in Spring,English,67,10
14,2010,2,15,Croatia,Feminnem,Lako je sve,Croatian,33,13
15,2010,2,16,Georgia,Sofia Nizharadze,Shine,English,106,3
16,2010,2,17,Turkey,Manga,We Could Be the Same,English,118,1
0,2011,1,1,Poland,Magdalena Tul,Jestem,Polish,18,19
1,2011,1,2,Norway,Stella Mwangi,Haba Haba,"English, Swahili",30,17
2,2011,1,3,Albania,Aurela Gaçe,Feel the Passion,English,47,14
3,2011,1,4,Armenia,Emmy,Boom Boom,English,54,12
4,2011,1,5,Turkey,Yüksek Sadakat,Live It Up,English,47,13
5,2011,1,6,Serbia,Nina,Čaroban (Чаробан),Serbian,67,8
6,2011,1,7,Russia,Alexey Vorobyov,Get You,"English, Russian",64,9
7,2011,1,8,Switzerland,Anna Rossinelli,In Love for a While,English,55,10
8,2011,1,9,Georgia,Eldrine,One More Day,English,74,6
9,2011,1,10,Finland,Paradise Oskar,Da Da Dam,English,103,3
10,2011,1,11,Malta,Glen Vella,One Life,English,54,11
11,2011,1,12,San Marino,Senit,Stand By,English,34,16
12,2011,1,13,Croatia,Daria,Celebrate,English,41,15
13,2011,1,14,Iceland,Sjonni's Friends,Coming Home,English,100,4
14,2011,1,15,Hungary,Kati Wolf,What About My Dreams?,"English, Hungarian",72,7
15,2011,1,16,Portugal,Homens da Luta,A luta é alegria,Portuguese,22,18
16,2011,1,17,Lithuania,Evelina Sašenko,C'est ma vie,English,81,5
17,2011,1,18,Azerbaijan,Ell and Nikki,Running Scared,English,122,2
18,2011,1,19,Greece,Loukas Yorkas feat. Stereo Mike,Watch My Dance,"English, Greek",133,1
0,2011,2,1,Bosnia and Herzegovina,Dino Merlin,Love in Rewind,English,109,5
1,2011,2,2,Austria,Nadine Beiler,The Secret Is Love,English,69,7
2,2011,2,3,Netherlands,3JS,Never Alone,English,13,19
3,2011,2,4,Belgium,Witloof Bay,With Love Baby,English,53,11
4,2011,2,5,Slovakia,Twiins,I'm Still Alive,English,48,13
5,2011,2,6,Ukraine,Mika Newton,Angel,English,81,6
6,2011,2,7,Moldova,Zdob și Zdub,So Lucky,English,54,10
7,2011,2,8,Sweden,Eric Saade,Popular,English,155,1
8,2011,2,9,Cyprus,Christos Mylordos,San aggelos s'agapisa (Σαν άγγελος σ'αγάπησα),Greek,16,18
9,2011,2,10,Bulgaria,Poli Genova,Na inat (На инат),Bulgarian,48,12
10,2011,2,11,Macedonia,Vlatko Ilievski,Rusinka (Русинка),"Macedonian, English",36,16
11,2011,2,12,Israel,Dana International,Ding Dong,"Hebrew, English",38,15
12,2011,2,13,Slovenia,Maja Keuc,No One,English,112,3
13,2011,2,14,Romania,Hotel FM,Change,English,111,4
14,2011,2,15,Estonia,Getter Jaani,Rockefeller Street,English,60,9
15,2011,2,16,Belarus,Anastasia Vinnikova,I Love Belarus,English,45,14
16,2011,2,17,Latvia,Musiqq,Angel in Disguise,English,25,17
17,2011,2,18,Denmark,A Friend in London,New Tomorrow,English,135,2
18,2011,2,19,Ireland,Jedward,Lipstick,English,68,8
0,2012,1,1,Montenegro,Rambo Amadeus,Euro Neuro,English,20,15
1,2012,1,2,Iceland,Greta Salóme and Jónsi,Never Forget,English,75,8
2,2012,1,3,Greece,Eleftheria Eleftheriou,Aphrodisiac,English,116,4
3,2012,1,4,Latvia,Anmary,Beautiful Song,English,17,16
4,2012,1,5,Albania,Rona Nishliu,Suus,Albanian,146,2
5,2012,1,6,Romania,Mandinga,Zaleilah,"Spanish, English",120,3
6,2012,1,7,Switzerland,Sinplus,Unbreakable,English,45,11
7,2012,1,8,Belgium,Iris,Would You?,English,16,17
8,2012,1,9,Finland,Pernilla,När jag blundar,Swedish,41,12
9,2012,1,10,Israel,Izabo,Time,"English, Hebrew",33,13
10,2012,1,11,San Marino,Valentina Monetta,The Social Network Song (Oh Oh – Uh - Oh Oh),English,31,14
11,2012,1,12,Cyprus,Ivi Adamou,La La Love,English,91,7
12,2012,1,13,Denmark,Soluna Samay,Should've Known Better,English,63,9
13,2012,1,14,Russia,Buranovskiye Babushki,Party for Everybody,"Udmurt, English",152,1
14,2012,1,15,Hungary,Compact Disco,Sound of Our Hearts,English,52,10
15,2012,1,16,Austria,Trackshittaz,Woki mit deim Popo,German,8,18
16,2012,1,17,Moldova,Pasha Parfeny,Lăutar,English,100,5
17,2012,1,18,Ireland,Jedward,Waterline,English,92,6
0,2012,2,1,Serbia,Željko Joksimović,Nije ljubav stvar (Није љубав ствар),Serbian,159,2
1,2012,2,2,Macedonia,Kaliopi,Crno i belo (Црно и бело),Macedonian,53,9
2,2012,2,3,Netherlands,Joan Franka,You and Me,English,35,15
3,2012,2,4,Malta,Kurt Calleja,This Is the Night,English,70,7
4,2012,2,5,Belarus,Litesound,We Are the Heroes,English,35,16
5,2012,2,6,Portugal,Filipa Sousa,Vida minha,Portuguese,39,13
6,2012,2,7,Ukraine,Gaitana,Be My Guest,English,64,8
7,2012,2,8,Bulgaria,Sofi Marinova,Love Unlimited,Bulgarian,45,11
8,2012,2,9,Slovenia,Eva Boto,Verjamem,Slovene,31,17
9,2012,2,10,Croatia,Nina Badrić,Nebo,Croatian,42,12
10,2012,2,11,Sweden,Loreen,Euphoria,English,181,1
11,2012,2,12,Georgia,Anri Jokhadze,I'm a Joker,"English, Georgian",36,14
12,2012,2,13,Turkey,Can Bonomo,Love Me Back,English,80,5
13,2012,2,14,Estonia,Ott Lepland,Kuula,Estonian,100,4
14,2012,2,15,Slovakia,Max Jason Mai,Don't Close Your Eyes,English,22,18
15,2012,2,16,Norway,Tooji,Stay,English,45,10
16,2012,2,17,Bosnia and Herzegovina,Maya Sar,Korake ti znam,Bosnian,77,6
17,2012,2,18,Lithuania,Donny Montell,Love Is Blind,English,104,3
0,2013,1,1,Austria,Natália Kelly,Shine,English,27,14
1,2013,1,2,Estonia,Birgit,Et uus saaks alguse,Estonian,52,10
2,2013,1,3,Slovenia,Hannah,Straight into Love,English,8,16
3,2013,1,4,Croatia,Klapa s Mora,Mižerja,Croatian,38,13
4,2013,1,5,Denmark,Emmelie de Forest,Only Teardrops,English,167,1
5,2013,1,6,Russia,Dina Garipova,What If,English,156,2
6,2013,1,7,Ukraine,Zlata Ognevich,Gravity,English,140,3
7,2013,1,8,Netherlands,Anouk,Birds,English,75,6
8,2013,1,9,Montenegro,Who See,Igranka (Игранка),Montenegrin,41,12
9,2013,1,10,Lithuania,Andrius Pojavis,Something,English,53,9
10,2013,1,11,Belarus,Alyona Lanskaya,Solayoh,English,64,7
11,2013,1,12,Moldova,Aliona Moon,O mie,Romanian,95,4
12,2013,1,13,Ireland,Ryan Dolan,Only Love Survives,English,54,8
13,2013,1,14,Cyprus,Despina Olympiou,An me thimasai (Aν με θυμάσαι),Greek,11,15
14,2013,1,15,Belgium,Roberto Bellarosa,Love Kills,English,75,5
15,2013,1,16,Serbia,Moje 3,Ljubav je svuda (Љубав је свуда),Serbian,46,11
0,2013,2,1,Latvia,PeR,Here We Go,English,13,17
1,2013,2,2,San Marino,Valentina Monetta,Crisalide (Vola),Italian,47,11
2,2013,2,3,Macedonia,Esma and Lozano,Pred da se razdeni (Пред да се раздени),"Macedonian, Romani",28,16
3,2013,2,4,Azerbaijan,Farid Mammadov,Hold Me,English,139,1
4,2013,2,5,Finland,Krista Siegfrids,Marry Me,English,64,9
5,2013,2,6,Malta,Gianluca,Tomorrow,English,118,4
6,2013,2,7,Bulgaria,Elitsa Todorova and Stoyan Yankoulov,Samo shampioni (Само шампиони),Bulgarian,45,12
7,2013,2,8,Iceland,Eythor Ingi,Ég á líf,Icelandic,72,6
8,2013,2,9,Greece,Koza Mostra feat. Agathon Iakovidis,Alcohol Is Free,Greek,121,2
9,2013,2,10,Israel,Moran Mazor,Rak Bishvilo (רק בשבילו),Hebrew,40,14
10,2013,2,11,Armenia,Dorians,Lonely Planet,English,69,7
11,2013,2,12,Hungary,ByeAlex,Kedvesem (Zoohacker Remix),Hungarian,66,8
12,2013,2,13,Norway,Margaret Berger,I Feed You My Love,English,120,3
13,2013,2,14,Albania,Adrian Lulgjuraj and Bledar Sejko,Identitet,Albanian,31,15
14,2013,2,15,Georgia,Nodi Tatishvili and Sophie Gelovani,Waterfall,English,63,10
15,2013,2,16,Switzerland,Takasa,You and Me,English,41,13
16,2013,2,17,Romania,Cezar,It's My Life,English,83,5
0,2014,1,1,Armenia,Aram Mp3,Not Alone,English,121,4
1,2014,1,2,Latvia,Aarzemnieki,Cake to Bake,English,33,13
2,2014,1,3,Estonia,Tanja,Amazing,English,36,12
3,2014,1,4,Sweden,Sanna Nielsen,Undo,English,131,2
4,2014,1,5,Iceland,Pollapönk,No Prejudice,English,61,8
5,2014,1,6,Albania,Hersi,One Night's Anger,English,22,15
6,2014,1,7,Russia,Tolmachevy Sisters,Shine,English,63,6
7,2014,1,8,Azerbaijan,Dilara Kazimova,Start a Fire,English,57,9
8,2014,1,9,Ukraine,Mariya Yaremchuk,Tick-Tock,English,118,5
9,2014,1,10,Belgium,Axel Hirsoux,Mother,English,28,14
10,2014,1,11,Moldova,Cristina Scarlat,Wild Soul,English,13,16
11,2014,1,12,San Marino,Valentina Monetta,Maybe,English,40,10
12,2014,1,13,Portugal,Suzy,Quero ser tua,Portuguese,39,11
13,2014,1,14,Netherlands,The Common Linnets,Calm After the Storm,English,150,1
14,2014,1,15,Montenegro,Sergej Ćetković,Moj svijet (Мој свијет),Montenegrin,63,7
15,2014,1,16,Hungary,András Kállay-Saunders,Running,English,127,3
0,2014,2,1,Malta,Firelight,Coming Home,English,63,9
1,2014,2,2,Israel,Mei Finegold,Same Heart,"English, Hebrew",19,14
2,2014,2,3,Norway,Carl Espen,Silent Storm,English,77,6
3,2014,2,4,Georgia,The Shin and Mariko,Three Minutes to Earth,English,15,15
4,2014,2,5,Poland,Donatan and Cleo,My Słowianie – We Are Slavic,"Polish, English",70,8
5,2014,2,6,Austria,Conchita Wurst,Rise Like a Phoenix,English,169,1
6,2014,2,7,Lithuania,Vilija,Attention,English,36,11
7,2014,2,8,Finland,Softengine,Something Better,English,97,3
8,2014,2,9,Ireland,Can-linn feat. Kasey Smith,Heartbeat,English,35,12
9,2014,2,10,Belarus,Teo,Cheesecake,English,87,5
10,2014,2,11,Macedonia,Tijana,To the Sky,English,33,13
11,2014,2,12,Switzerland,Sebalter,Hunter of Stars,English,92,4
12,2014,2,13,Greece,Freaky Fortune feat. RiskyKidd,Rise Up,English,74,7
13,2014,2,14,Slovenia,Tinkara Kovač,Round and Round,"English, Slovene",52,10
14,2014,2,15,Romania,Paula Seling and Ovi,Miracle,English,125,2
0,2015,1,1,Moldova,Eduard Romanyuta,I Want Your Love,English,41,11
1,2015,1,2,Armenia,Genealogy,Face the Shadow,English,77,7
2,2015,1,3,Belgium,Loïc Nottet,Rhythm Inside,English,149,2
3,2015,1,4,Netherlands,Trijntje Oosterhuis,Walk Along,English,33,14
4,2015,1,5,Finland,Pertti Kurikan Nimipäivät,Aina mun pitää,Finnish,13,16
5,2015,1,6,Greece,Maria Elena Kyriakou,One Last Breath,English,81,6
6,2015,1,7,Estonia,Elina Born and Stig Rästa,Goodbye to Yesterday,English,105,3
7,2015,1,8,Macedonia,Daniel Kajmakoski,Autumn Leaves,English,28,15
8,2015,1,9,Serbia,Bojana Stamenov,Beauty Never Lies,English,63,9
9,2015,1,10,Hungary,Boggie,Wars for Nothing,English,67,8
10,2015,1,11,Belarus,Uzari and Maimuna,Time,English,39,12
11,2015,1,12,Russia,Polina Gagarina,A Million Voices,English,182,1
12,2015,1,13,Denmark,Anti Social Media,The Way You Are,English,33,13
13,2015,1,14,Albania,Elhaida Dani,I'm Alive,English,62,10
14,2015,1,15,Romania,Voltaj,De la capăt,"Romanian, English",89,5
15,2015,1,16,Georgia,Nina Sublatti,Warrior,English,98,4
0,2015,2,1,Lithuania,Monika Linkytė and Vaidas Baumila,This Time,English,67,7
1,2015,2,2,Ireland,Molly Sterling,Playing with Numbers,English,35,12
2,2015,2,3,San Marino,Anita Simoncini and Michele Perniola,Chain of Lights,English,11,16
3,2015,2,4,Montenegro,Knez,Adio (Адио),Montenegrin,57,9
4,2015,2,5,Malta,Amber,Warrior,English,43,11
5,2015,2,6,Norway,Mørland and Debrah Scarlett,A Monster Like Me,English,123,4
6,2015,2,7,Portugal,Leonor Andrade,Há um mar que nos separa,Portuguese,19,14
7,2015,2,8,Czech Republic,Marta Jandová and Václav Noid Bárta,Hope Never Dies,English,33,13
8,2015,2,9,Israel,Nadav Guedj,Golden Boy,English,151,3
9,2015,2,10,Latvia,Aminata,Love Injected,English,155,2
10,2015,2,11,Azerbaijan,Elnur Hüseynov,Hour of the Wolf,English,53,10
11,2015,2,12,Iceland,Maria Olafs,Unbroken,English,14,15
12,2015,2,13,Sweden,Måns Zelmerlöw,Heroes,English,217,1
13,2015,2,14,Switzerland,Mélanie René,Time to Shine,English,4,17
14,2015,2,15,Cyprus,John Karayiannis,One Thing I Should Have Done,English,87,6
15,2015,2,16,Slovenia,Maraaya,Here for You,English,92,5
16,2015,2,17,Poland,Monika Kuszyńska,In the Name of Love,English,57,8
0,2016,1,1,Finland,Sandhja,Sing It Away,English,51,15
1,2016,1,2,Greece,Argo,Utopian Land,"English, Greek",44,16
2,2016,1,3,Moldova,Lidia Isac,Falling Stars,English,33,17
3,2016,1,4,Hungary,Freddie,Pioneer,English,197,4
4,2016,1,5,Croatia,Nina Kraljić,Lighthouse,English,133,10
5,2016,1,6,Netherlands,Douwe Bob,Slow Down,English,197,5
6,2016,1,7,Armenia,Iveta Mukuchyan,LoveWave,English,243,2
7,2016,1,8,San Marino,Serhat,I Didn't Know,English,68,12
8,2016,1,9,Russia,Sergey Lazarev,You Are the Only One,English,342,1
9,2016,1,10,Czech Republic,Gabriela Gunčíková,I Stand,English,161,9
10,2016,1,11,Cyprus,Minus One,Alter Ego,English,164,8
11,2016,1,12,Austria,Zoë,Loin d'ici,French,170,7
12,2016,1,13,Estonia,Jüri Pootsmann,Play,English,24,18
13,2016,1,14,Azerbaijan,Samra,Miracle,English,185,6
14,2016,1,15,Montenegro,Highway,The Real Thing,English,60,13
15,2016,1,16,Iceland,Greta Salóme,Hear Them Calling,English,51,14
16,2016,1,17,Bosnia and Herzegovina,Dalal and Deen feat. Ana Rucner and Jala,Ljubav je,Bosnian,104,11
17,2016,1,18,Malta,Ira Losco,Walk on Water,English,209,3
0,2016,2,1,Latvia,Justs,Heartbeat,English,132,8
1,2016,2,2,Poland,Michał Szpak,Color of Your Life,English,151,6
2,2016,2,3,Switzerland,Rykka,The Last of Our Kind,English,28,18
3,2016,2,4,Israel,Hovi Star,Made of Stars,English,147,7
4,2016,2,5,Belarus,Ivan,Help You Fly,English,84,12
5,2016,2,6,Serbia,Sanja Vučić Zaa,Goodbye (Shelter),English,105,10
6,2016,2,7,Ireland,Nicky Byrne,Sunlight,English,46,15
7,2016,2,8,Macedonia,Kaliopi,Dona (Дона),Macedonian,88,11
8,2016,2,9,Lithuania,Donny Montell,I've Been Waiting for This Night,English,222,4
9,2016,2,10,Australia,Dami Im,Sound of Silence,English,330,1
10,2016,2,11,Slovenia,ManuElla,Blue and Red,English,57,14
11,2016,2,12,Bulgaria,Poli Genova,If Love Was a Crime,"English, Bulgarian",220,5
12,2016,2,13,Denmark,Lighthouse X,Soldiers of Love,English,34,17
13,2016,2,14,Ukraine,Jamala,1944,"English, Crimean Tatar",287,2
14,2016,2,15,Norway,Agnete,Icebreaker,English,63,13
15,2016,2,16,Georgia,Nika Kocharov and Young Georgian Lolitaz,Midnight Gold,English,123,9
16,2016,2,17,Albania,Eneda Tarifa,Fairytale,English,45,16
17,2016,2,18,Belgium,Laura Tesoro,What's the Pressure,English,274,3
0,2017,1,1,Sweden,Robin Bengtsson,I Can't Go On,English,227,3
1,2017,1,2,Georgia,Tamara Gachechiladze,Keep the Faith,English,99,11
2,2017,1,3,Australia,Isaiah,Don't Come Easy,English,160,6
3,2017,1,4,Albania,Lindita,World,English,76,14
4,2017,1,5,Belgium,Blanche,City Lights,English,165,4
5,2017,1,6,Montenegro,Slavko Kalezić,Space,English,56,16
6,2017,1,7,Finland,Norma John,Blackbird,English,92,12
7,2017,1,8,Azerbaijan,Dihaj,Skeletons,English,150,8
8,2017,1,9,Portugal,Salvador Sobral,Amar pelos dois,Portuguese,370,1
9,2017,1,10,Greece,Demy,This Is Love,English,115,10
10,2017,1,11,Poland,Kasia Moś,Flashlight,English,119,9
11,2017,1,12,Moldova,SunStroke Project,Hey Mamma,English,291,2
12,2017,1,13,Iceland,Svala,Paper,English,60,15
13,2017,1,14,Czech Republic,Martina Bárta,My Turn,English,83,13
14,2017,1,15,Cyprus,Hovig,Gravity,English,164,5
15,2017,1,16,Armenia,Artsvik,Fly with Me,English,152,7
16,2017,1,17,Slovenia,Omar Naber,On My Way,English,36,17
17,2017,1,18,Latvia,Triana Park,Line,English,21,18
0,2017,2,1,Serbia,Tijana Bogićević,In Too Deep,English,98,11
1,2017,2,2,Austria,Nathan Trent,Running on Air,English,147,7
2,2017,2,3,Macedonia,Jana Burčeska,Dance Alone,English,69,15
3,2017,2,4,Malta,Claudia Faniello,Breathlessly,English,55,16
4,2017,2,5,Romania,Ilinca feat. Alex Florea,Yodel It!,English,174,6
5,2017,2,6,Netherlands,OG3NE,Lights and Shadows,English,200,4
6,2017,2,7,Hungary,Joci Pápai,Origo,Hungarian,231,2
7,2017,2,8,Denmark,Anja Nissen,Where I Am,English,101,10
8,2017,2,9,Ireland,Brendan Murray,Dying to Try,English,86,13
9,2017,2,10,San Marino,Valentina Monetta and Jimmie Wilson,Spirit of the Night,English,1,18
10,2017,2,11,Croatia,Jacques Houdek,My Friend,"English, Italian",141,8
11,2017,2,12,Norway,Jowst,Grab the Moment,English,189,5
12,2017,2,13,Switzerland,Timebelle,Apollo,English,97,12
13,2017,2,14,Belarus,Naviband,Story of My Life,Belarusian,110,9
14,2017,2,15,Bulgaria,Kristian Kostov,Beautiful Mess,English,403,1
15,2017,2,16,Lithuania,Fusedmarc,Rain of Revolution,English,42,17
16,2017,2,17,Estonia,Koit Toome and Laura,Verona,English,85,14
17,2017,2,18,Israel,Imri,I Feel Alive,English,207,3
0,2018,1,1,Azerbaijan,Aisel,X My Heart,English,94,11
1,2018,1,2,Iceland,Ari Ólafsson,Our Choice,English,15,19
2,2018,1,3,Albania,Eugent Bushpepa,Mall,Albanian,162,8
3,2018,1,4,Belgium,Sennek,A Matter of Time,English,91,12
4,2018,1,5,Czech Republic,Mikolas Josef,Lie to Me,English,232,3
5,2018,1,6,Lithuania,Ieva Zasimauskaitė,When We're Old,English,119,9
6,2018,1,7,Israel,Netta,Toy,English,283,1
7,2018,1,8,Belarus,Alekseev,Forever,English,65,16
8,2018,1,9,Estonia,Elina Nechayeva,La forza,Italian,201,5
9,2018,1,10,Bulgaria,Equinox,Bones,English,177,7
10,2018,1,11,Macedonia,Eye Cue,Lost and Found,English,24,18
11,2018,1,12,Croatia,Franka,Crazy,English,63,17
12,2018,1,13,Austria,Cesár Sampson,Nobody but You,English,231,4
13,2018,1,14,Greece,Yianna Terzi,Oniro mou (Όνειρό μου),Greek,81,14
14,2018,1,15,Finland,Saara Aalto,Monsters,English,108,10
15,2018,1,16,Armenia,Sevak Khanagyan,Qami (Քամի),Armenian,79,15
16,2018,1,17,Switzerland,Zibbz,Stones,English,86,13
17,2018,1,18,Ireland,Ryan O'Shaughnessy,Together,English,179,6
18,2018,1,19,Cyprus,Eleni Foureira,Fuego,English,262,2
0,2018,2,1,Norway,Alexander Rybak,That's How You Write a Song,English,266,1
1,2018,2,2,Romania,The Humans,Goodbye,English,107,11
2,2018,2,3,Serbia,Sanja Ilić and Balkanika,Nova deca (Нова деца),Serbian,117,9
3,2018,2,4,San Marino,Jessika feat. Jenifer Brening,Who We Are,English,28,17
4,2018,2,5,Denmark,Rasmussen,Higher Ground,English,204,5
5,2018,2,6,Russia,Julia Samoylova,I Won't Break,English,65,15
6,2018,2,7,Moldova,DoReDoS,My Lucky Day,English,235,3
7,2018,2,8,Netherlands,Waylon,Outlaw in 'Em,English,174,7
8,2018,2,9,Australia,Jessica Mauboy,We Got Love,English,212,4
9,2018,2,10,Georgia,Ethno-Jazz Band Iriao,For You,Georgian,24,18
10,2018,2,11,Poland,Gromee feat. Lukas Meijer,Light Me Up,English,81,14
11,2018,2,12,Malta,Christabelle,Taboo,English,101,13
12,2018,2,13,Hungary,AWS,Viszlát nyár,Hungarian,111,10
13,2018,2,14,Latvia,Laura Rizzotto,Funny Girl,English,106,12
14,2018,2,15,Sweden,Benjamin Ingrosso,Dance You Off,English,254,2
15,2018,2,16,Montenegro,Vanja Radovanović,Inje (Иње),Montenegrin,40,16
16,2018,2,17,Slovenia,Lea Sirk,"Hvala, ne!",Slovene,132,8
17,2018,2,18,Ukraine,Mélovin,Under the Ladder,English,179,6
0,2019,1,1,Cyprus,Tamta,Replay,English,149,9
1,2019,1,2,Montenegro,D mol,Heaven,English,46,16
2,2019,1,3,Finland,Darude feat. Sebastian Rejman,Look Away,English,23,17
3,2019,1,4,Poland,Tulia,Fire of Love (Pali się),"Polish, English",120,11
4,2019,1,5,Slovenia,Zala Kralj and Gašper Šantl,Sebi,Slovene,167,6
5,2019,1,6,Czech Republic,Lake Malawi,Friend of a Friend,English,242,2
6,2019,1,7,Hungary,Joci Pápai,Az én apám,Hungarian,97,12
7,2019,1,8,Belarus,Zena,Like It,English,122,10
8,2019,1,9,Serbia,Nevena Božović,Kruna (Круна),Serbian,156,7
9,2019,1,10,Belgium,Eliot,Wake Up,English,70,13
10,2019,1,11,Georgia,Oto Nemsadze,Keep On Going,Georgian,62,14
11,2019,1,12,Australia,Kate Miller-Heidke,Zero Gravity,English,261,1
12,2019,1,13,Iceland,Hatari,Hatrið mun sigra,Icelandic,221,3
13,2019,1,14,Estonia,Victor Crone,Storm,English,198,4
14,2019,1,15,Portugal,Conan Osíris,Telemóveis,Portuguese,51,15
15,2019,1,16,Greece,Katerine Duska,Better Love,English,185,5
16,2019,1,17,San Marino,Serhat,Say Na Na Na,English,150,8
0,2019,2,1,Armenia,Srbuk,Walking Out,English,49,16
1,2019,2,2,Ireland,Sarah McTernan,22,English,16,18
2,2019,2,3,Moldova,Anna Odobescu,Stay,English,85,12
3,2019,2,4,Switzerland,Luca Hänni,She Got Me,English,232,4
4,2019,2,5,Latvia,Carousel,That Night,English,50,15
5,2019,2,6,Romania,Ester Peony,On a Sunday,English,71,13
6,2019,2,7,Denmark,Leonora,Love Is Forever,"English, French",94,10
7,2019,2,8,Sweden,John Lundvik,Too Late for Love,English,238,3
8,2019,2,9,Austria,Pænda,Limits,English,21,17
9,2019,2,10,Croatia,Roko,The Dream,"English, Croatian",64,14
10,2019,2,11,Malta,Michela,Chameleon,English,157,8
11,2019,2,12,Lithuania,Jurij Veklenko,Run with the Lions,English,93,11
12,2019,2,13,Russia,Sergey Lazarev,Scream,English,217,6
13,2019,2,14,Albania,Jonida Maliqi,Ktheju tokës,Albanian,96,9
14,2019,2,15,Norway,Keiino,Spirit in the Sky,"English, Northern Sámi",210,7
15,2019,2,16,Netherlands,Duncan Laurence,Arcade,English,280,1
16,2019,2,17,Macedonia,Tamara Todevska,Proud,English,239,2
17,2019,2,18,Azerbaijan,Chingiz,Truth,English,224,5
0,2021,1,1,Lithuania,The Roop,Discoteque,English,203,4
1,2021,1,2,Slovenia,Ana Soklič,Amen,English,44,13
2,2021,1,3,Russia,Manizha,Russian Woman,"Russian, English",225,3
3,2021,1,4,Sweden,Tusse,Voices,English,142,7
4,2021,1,5,Australia,Montaigne,Technicolour,English,28,14
5,2021,1,6,Macedonia,Vasil,Here I Stand,English,23,15
6,2021,1,7,Ireland,Lesley Roy,Maps,English,20,16
7,2021,1,8,Cyprus,Elena Tsagrinou,El Diablo,English,170,6
8,2021,1,9,Norway,Tix,Fallen Angel,English,115,10
9,2021,1,10,Croatia,Albina,Tick-Tock,"English, Croatian",110,11
10,2021,1,11,Belgium,Hooverphonic,The Wrong Place,English,117,9
11,2021,1,12,Israel,Eden Alene,Set Me Free,English,192,5
12,2021,1,13,Romania,Roxen,Amnesia,English,85,12
13,2021,1,14,Azerbaijan,Efendi,Mata Hari,English,138,8
14,2021,1,15,Ukraine,Go_A,Shum (Шум),Ukrainian,267,2
15,2021,1,16,Malta,Destiny,Je me casse,English,325,1
0,2021,2,1,San Marino,Senhit,Adrenalina,English,118,9
1,2021,2,2,Estonia,Uku Suviste,The Lucky One,English,58,13
2,2021,2,3,Czech Republic,Benny Cristo,Omaga,English,23,15
3,2021,2,4,Greece,Stefania,Last Dance,English,184,6
4,2021,2,5,Austria,Vincent Bueno,Amen,English,66,12
5,2021,2,6,Poland,Rafał,The Ride,English,35,14
6,2021,2,7,Moldova,Natalia Gordienko,Sugar,English,179,7
7,2021,2,8,Iceland,Daði og Gagnamagnið,10 Years,English,288,2
8,2021,2,9,Serbia,Hurricane,Loco Loco,Serbian,124,8
9,2021,2,10,Georgia,Tornike Kipiani,You,English,16,16
10,2021,2,11,Albania,Anxhela Peristeri,Karma,Albanian,112,10
11,2021,2,12,Portugal,The Black Mamba,Love Is on My Side,English,239,4
12,2021,2,13,Bulgaria,Victoria,Growing Up Is Getting Old,English,250,3
13,2021,2,14,Finland,Blind Channel,Dark Side,English,234,5
14,2021,2,15,Latvia,Samanta Tīna,The Moon Is Rising,English,14,17
15,2021,2,16,Switzerland,Gjon's Tears,Tout l'univers,French,291,1
16,2021,2,17,Denmark,Fyr og Flamme,Øve os på hinanden,Danish,89,11
0,2022,1,1,Albania,Ronela Hajati,Sekret,"Albanian, English",58,12
1,2022,1,2,Latvia,Citi Zēni,Eat Your Salad,English,55,14
2,2022,1,3,Lithuania,Monika Liu,Sentimentai,Lithuanian,159,7
3,2022,1,4,Switzerland,Marius Bear,Boys Do Cry,English,118,9
4,2022,1,5,Slovenia,LPS,Disko,Slovene,15,17
5,2022,1,6,Ukraine,Kalush Orchestra,Stefania (Стефанія),Ukrainian,337,1
6,2022,1,7,Bulgaria,Intelligent Music Project,Intention,English,29,16
7,2022,1,8,Netherlands,S10,De diepte,Dutch,221,2
8,2022,1,9,Moldova,Zdob și Zdub and Advahov Brothers,Trenulețul,"Romanian, English",154,8
9,2022,1,10,Portugal,Maro,"Saudade, saudade","English, Portuguese",208,4
10,2022,1,11,Croatia,Mia Dimšić,Guilty Pleasure,"English, Croatian",75,11
11,2022,1,12,Denmark,Reddi,The Show,English,55,13
12,2022,1,13,Austria,Lumix feat. Pia Maria,Halo,English,42,15
13,2022,1,14,Iceland,Systur,Með hækkandi sól,Icelandic,103,10
14,2022,1,15,Greece,Amanda Georgiadi Tenfjord,Die Together,English,211,3
15,2022,1,16,Norway,Subwoolfer,Give That Wolf a Banana,English,177,6
16,2022,1,17,Armenia,Rosa Linn,Snap,English,187,5
0,2022,2,1,Finland,The Rasmus,Jezebel,English,162,7
1,2022,2,2,Israel,Michael Ben David,I.M,English,61,13
2,2022,2,3,Serbia,Konstrakta,In corpore sano,"Serbian, Latin",237,3
3,2022,2,4,Azerbaijan,Nadir Rustamli,Fade to Black,English,96,10
4,2022,2,5,Georgia,Circus Mircus,Lock Me In,English,22,18
5,2022,2,6,Malta,Emma Muscat,I Am What I Am,English,47,16
6,2022,2,7,San Marino,Achille Lauro,Stripper,"Italian, English",50,14
7,2022,2,8,Australia,Sheldon Riley,Not the Same,English,243,2
8,2022,2,9,Cyprus,Andromache,Ela (Έλα),"English, Greek",63,12
9,2022,2,10,Ireland,Brooke,That's Rich,English,47,15
10,2022,2,11,Macedonia,Andrea,Circles,English,76,11
11,2022,2,12,Estonia,Stefan,Hope,English,209,5
12,2022,2,13,Romania,WRS,Llámame,"English, Spanish",118,9
13,2022,2,14,Poland,Ochman,River,English,198,6
14,2022,2,15,Montenegro,Vladana,Breathe,"English, Italian",33,17
15,2022,2,16,Belgium,Jérémie Makiese,Miss You,English,151,8
16,2022,2,17,Sweden,Cornelia Jakobs,Hold Me Closer,English,396,1
17,2022,2,18,Czech Republic,We Are Domi,Lights Off,English,227,4
0,2023,1,1,Norway,Alessandra,Queen of Kings,English,102,6
1,2023,1,2,Malta,The Busker,Dance (Our Own Party),English,3,15
2,2023,1,3,Serbia,Luke Black,Samo mi se spava (Само ми се спава),"Serbian, English",37,10
3,2023,1,4,Latvia,Sudden Lights,Aijā,English,34,11
4,2023,1,5,Portugal,Mimicat,Ai coração,Portuguese,74,9
5,2023,1,6,Ireland,Wild Youth,We Are One,English,10,12
6,2023,1,7,Croatia,Let 3,Mama ŠČ!,Croatian,76,8
7,2023,1,8,Switzerland,Remo Forrer,Watergun,English,97,7
8,2023,1,9,Israel,Noa Kirel,Unicorn,English,127,3
9,2023,1,10,Moldova,Pasha Parfeni,Soarele și luna,Romanian,109,5
10,2023,1,11,Sweden,Loreen,Tattoo,English,135,2
11,2023,1,12,Azerbaijan,TuralTuranX,Tell Me More,English,4,14
12,2023,1,13,Czech Republic,Vesna,My Sister's Crown,"English, Ukrainian, Czech, Bulgarian",110,4
13,2023,1,14,Netherlands,Mia Nicolai and Dion Cooper,Burning Daylight,English,7,13
14,2023,1,15,Finland,Käärijä,Cha Cha Cha,Finnish,177,1
0,2023,2,1,Denmark,Reiley,Breaking My Heart,English,6,14
1,2023,2,2,Armenia,Brunette,Future Lover,"English, Armenian",99,6
2,2023,2,3,Romania,Theodor Andrei,D.G.T. (Off and On),"Romanian, English",0,15
3,2023,2,4,Estonia,Alika,Bridges,English,74,10
4,2023,2,5,Belgium,Gustaph,Because of You,English,90,8
5,2023,2,6,Cyprus,Andrew Lambrou,Break a Broken Heart,English,94,7
6,2023,2,7,Iceland,Diljá,Power,English,44,11
7,2023,2,8,Greece,Victor Vernicos,What They Say,English,14,13
8,2023,2,9,Poland,Blanka,Solo,English,124,3
9,2023,2,10,Slovenia,Joker Out,Carpe Diem,Slovene,103,5
10,2023,2,11,Georgia,Iru,Echo,English,33,12
11,2023,2,12,San Marino,Piqued Jacks,Like an Animal,English,0,16
12,2023,2,13,Austria,Teya and Salena,Who the Hell Is Edgar?,English,137,2
13,2023,2,14,Albania,Albina and Familja Kelmendi,Duje,Albanian,83,9
14,2023,2,15,Lithuania,Monika Linkytė,Stay,English,110,4
15,2023,2,16,Australia,Voyager,Promise,English,149,1
