,Year,SF,SF_Draw,Country,Artist,Song,Language,SF_Place,SF_Points
0,2004,SF,01,Finland,Jari Sillanpää,Takes 2 to Tango,English,14,51
1,2004,SF,02,Belarus,Aleksandra and Konstantin,My Galileo,English,19,10
2,2004,SF,03,Switzerland,Piero and the MusicStars,Celebrate,English,22,0
3,2004,SF,04,Latvia,Fomins and Kleins,Dziesma par laimi,Latvian,17,23
4,2004,SF,05,Israel,David D'Or,Leha'amin (להאמין),"Hebrew, English",11,57
5,2004,SF,06,Andorra,Marta Roure,Jugarem a estimar-nos,Catalan,18,12
6,2004,SF,07,Portugal,Sofia Vitória,Foi magia,Portuguese,15,38
7,2004,SF,08,Malta,Julie and Ludwig,On Again... Off Again,English,8,74
8,2004,SF,09,Monaco,Maryon,Notre planète,French,19,10
9,2004,SF,10,Greece,Sakis Rouvas,Shake It,English,3,238
10,2004,SF,11,Ukraine,Ruslana,Wild Dances,"English, Ukrainian",2,256
11,2004,SF,12,Lithuania,Linas and Simona,What's Happened to Your Love,English,16,26
12,2004,SF,13,Albania,Anjeza Shahini,The Image of You,English,4,167
13,2004,SF,14,Cyprus,Lisa Andreas,Stronger Every Minute,English,5,149
14,2004,SF,15,Macedonia,Toše Proeski,Life,English,10,71
15,2004,SF,16,Slovenia,Platin,Stay Forever,English,21,5
16,2004,SF,17,Estonia,Neiokõsõ,Tii,Võro,11,57
17,2004,SF,18,Croatia,Ivan Mikulić,You Are the Only One,English,9,72
18,2004,SF,19,Denmark,Tomas Thordarson,Shame on You,English,13,56
19,2004,SF,20,Serbia and Montenegro,Željko Joksimović and Ad-Hoc Orchestra,Lane moje (Лане моје),Serbian,1,263
20,2004,SF,21,Bosnia and Herzegovina,Deen,In the Disco,English,7,133
21,2004,SF,22,Netherlands,Re-Union,Without You,English,6,146
0,2005,SF,01,Austria,Global.Kryner,Y así,"English, Spanish",21,30
1,2005,SF,02,Lithuania,Laura and the Lovers,Little by Little,English,25,17
2,2005,SF,03,Portugal,2B,Amar,"Portuguese, English",17,51
3,2005,SF,04,Moldova,Zdob și Zdub,Boonika bate toba,"English, Romanian",2,207
4,2005,SF,05,Latvia,Walters and Kazha,The War Is Not Over,English,10,85
5,2005,SF,06,Monaco,Lise Darly,Tout de moi,French,24,22
6,2005,SF,07,Israel,Shiri Maimon,HaSheket SheNish'ar (השקט שנשאר),"Hebrew, English",7,158
7,2005,SF,08,Belarus,Angelica Agurbash,Love Me Tonight,English,13,67
8,2005,SF,09,Netherlands,Glennis Grace,My Impossible Dream,English,14,53
9,2005,SF,10,Iceland,Selma,If I Had Your Love,English,16,52
10,2005,SF,11,Belgium,Nuno Resende,Le grand soir,French,22,29
11,2005,SF,12,Estonia,Suntribe,Let's Get Loud,English,20,31
12,2005,SF,13,Norway,Wig Wam,In My Dreams,English,6,164
13,2005,SF,14,Romania,Luminița Anghel and Sistem,Let Me Try,English,1,235
14,2005,SF,15,Hungary,Nox,"Forogj, világ",Hungarian,5,167
15,2005,SF,16,Finland,Geir Rönning,Why,English,18,50
16,2005,SF,17,Macedonia,Martin Vučić,Make My Day,English,9,97
17,2005,SF,18,Andorra,Marian van de Wal,La mirada interior,Catalan,23,27
18,2005,SF,19,Switzerland,Vanilla Ninja,Cool Vibes,English,8,114
19,2005,SF,20,Croatia,Boris Novković feat. Lado members,Vukovi umiru sami,Croatian,4,169
20,2005,SF,21,Bulgaria,Kaffe,Lorraine,English,19,49
21,2005,SF,22,Ireland,Donna and Joe,Love?,English,14,53
22,2005,SF,23,Slovenia,Omar Naber,Stop,Slovene,12,69
23,2005,SF,24,Denmark,Jakob Sveistrup,Talking to You,English,3,185
24,2005,SF,25,Poland,Ivan and Delfin,Czarna dziewczyna,"Polish, Russian",11,81
0,2006,SF,01,Armenia,André,Without Your Love,English,6,150
1,2006,SF,02,Bulgaria,Mariana Popova,Let Me Cry,English,17,36
2,2006,SF,03,Slovenia,Anžej Dežan,Mr Nobody,English,16,49
3,2006,SF,04,Andorra,Jenny,Sense tu,Catalan,23,8
4,2006,SF,05,Belarus,Polina Smolova,Mum,English,22,10
5,2006,SF,06,Albania,Luiz Ejlli,Zjarr e ftohtë,Albanian,14,58
6,2006,SF,07,Belgium,Kate Ryan,Je t'adore,English,12,69
7,2006,SF,08,Ireland,Brian Kennedy,Every Song Is a Cry for Love,English,9,79
8,2006,SF,09,Cyprus,Annet Artani,Why Angels Cry,English,15,57
9,2006,SF,10,Monaco,Séverine Ferrer,La Coco-Dance,"French, Tahitian",21,14
10,2006,SF,11,Macedonia,Elena Risteska,Ninanajna (Нинанајна),"English, Macedonian",10,76
11,2006,SF,12,Poland,Ich Troje,Follow My Heart,"English, Polish, German, Russian",11,70
12,2006,SF,13,Russia,Dima Bilan,Never Let You Go,English,3,217
13,2006,SF,14,Turkey,Sibel Tüzün,Süper Star,Turkish,8,91
14,2006,SF,15,Ukraine,Tina Karol,Show Me Your Love,English,7,146
15,2006,SF,16,Finland,Lordi,Hard Rock Hallelujah,English,1,292
16,2006,SF,17,Netherlands,Treble,Amambanda,"English, Imaginary",20,22
17,2006,SF,18,Lithuania,LT United,We Are the Winners,English,5,163
18,2006,SF,19,Portugal,Nonstop,Coisas de nada,"Portuguese, English",19,26
19,2006,SF,20,Sweden,Carola,Invincible,English,4,214
20,2006,SF,21,Estonia,Sandra,Through My Window,English,18,28
21,2006,SF,22,Bosnia and Herzegovina,Hari Mata Hari,Lejla,Bosnian,2,267
22,2006,SF,23,Iceland,Silvía Night,Congratulations,English,13,62
0,2007,SF,01,Bulgaria,Elitsa Todorova and Stoyan Yankoulov,Water,Bulgarian,6,146
1,2007,SF,02,Israel,Teapacks,Push the Button,"English, French, Hebrew",24,17
2,2007,SF,03,Cyprus,Evridiki,"Comme ci, comme ça",French,15,65
3,2007,SF,04,Belarus,Koldun,Work Your Magic,English,4,176
4,2007,SF,05,Iceland,Eiríkur Hauksson,Valentine Lost,English,13,77
5,2007,SF,06,Georgia,Sopho,Visionary Dream,English,8,123
6,2007,SF,07,Montenegro,Stevan Faddy,"'Ajde, kroči ('Ајде, крочи)",Montenegrin,22,33
7,2007,SF,08,Switzerland,DJ BoBo,Vampires Are Alive,English,20,40
8,2007,SF,09,Moldova,Natalia Barbu,Fight,English,10,91
9,2007,SF,10,Netherlands,Edsilia Rombley,On Top of the World,English,21,38
10,2007,SF,11,Albania,Frederik Ndoci,Hear My Plea,"English, Albanian",17,49
11,2007,SF,12,Denmark,DQ,Drama Queen,English,19,45
12,2007,SF,13,Croatia,Dragonfly feat. Dado Topić,Vjerujem u ljubav,"Croatian, English",16,54
13,2007,SF,14,Poland,The Jet Set,Time to Party,English,14,75
14,2007,SF,15,Serbia,Marija Šerifović,Molitva (Молитва),Serbian,1,298
15,2007,SF,16,Czech Republic,Kabát,Malá dáma,Czech,28,1
16,2007,SF,17,Portugal,Sabrina,Dança comigo,"Portuguese, English",11,88
17,2007,SF,18,Macedonia,Karolina,Mojot svet (Мојот свет),"Macedonian, English",9,97
18,2007,SF,19,Norway,Guri Schanke,Ven a bailar conmigo,English,18,48
19,2007,SF,20,Malta,Olivia Lewis,Vertigo,English,25,15
20,2007,SF,21,Andorra,Anonymous,Salvem el món,"Catalan, English",12,80
21,2007,SF,22,Hungary,Magdi Rúzsa,Unsubstantial Blues,English,2,224
22,2007,SF,23,Estonia,Gerli Padar,Partners in Crime,English,22,33
23,2007,SF,24,Belgium,The KMG's,LovePower,English,26,14
24,2007,SF,25,Slovenia,Alenka Gotar,Cvet z juga,Slovene,7,140
25,2007,SF,26,Turkey,Kenan Doğulu,Shake It Up Şekerim,English,3,197
26,2007,SF,27,Austria,Eric Papilaya,Get a Life – Get Alive,English,27,4
27,2007,SF,28,Latvia,Bonaparti.lv,Questa notte,Italian,5,168
0,2008,1,01,Montenegro,Stefan Filipović,Zauvijek volim te (Заувијек волим те),Montenegrin,14,23
1,2008,1,02,Israel,Boaz,The Fire in Your Eyes,Hebrew,5,104
2,2008,1,03,Estonia,Kreisiraadio,Leto svet,"Serbian, German, Finnish",18,8
3,2008,1,04,Moldova,Geta Burlacu,A Century of Love,English,12,36
4,2008,1,05,San Marino,Miodio,Complice,Italian,19,5
5,2008,1,06,Belgium,Ishtar,O Julissi,Imaginary,17,16
6,2008,1,07,Azerbaijan,Elnur and Samir,Day After Day,English,6,96
7,2008,1,08,Slovenia,Rebeka Dremelj,Vrag naj vzame,Slovene,11,36
8,2008,1,09,Norway,Maria,Hold On Be Strong,English,4,106
9,2008,1,10,Poland,Isis Gee,For Life,English,10,42
10,2008,1,11,Ireland,Dustin the Turkey,Irelande Douze Pointe,English,15,22
11,2008,1,12,Andorra,Gisela,Casanova,English,16,22
12,2008,1,13,Bosnia and Herzegovina,Laka,Pokušaj,Bosnian,9,72
13,2008,1,14,Armenia,Sirusho,"Qélé, Qélé (Քելե Քելե)","English, Armenian",2,139
14,2008,1,15,Netherlands,Hind,Your Heart Belongs to Me,English,13,27
15,2008,1,16,Finland,Teräsbetoni,Missä miehet ratsastaa,Finnish,8,79
16,2008,1,17,Romania,Nico and Vlad,Pe-o margine de lume,"Romanian, Italian",7,94
17,2008,1,18,Russia,Dima Bilan,Believe,English,3,135
18,2008,1,19,Greece,Kalomira,Secret Combination,English,1,156
0,2008,2,01,Iceland,Euroband,This Is My Life,English,8,68
1,2008,2,02,Sweden,Charlotte Perrelli,Hero,English,12,54
2,2008,2,03,Turkey,Mor ve Ötesi,Deli,Turkish,7,85
3,2008,2,04,Ukraine,Ani Lorak,Shady Lady,English,1,152
4,2008,2,05,Lithuania,Jeronimas Milius,Nomads in the Night,English,16,30
5,2008,2,06,Albania,Olta Boka,Zemrën e lamë peng,Albanian,9,67
6,2008,2,07,Switzerland,Paolo Meneguzzi,Era stupendo,Italian,13,47
7,2008,2,08,Czech Republic,Tereza Kerndlová,Have Some Fun,English,18,9
8,2008,2,09,Belarus,Ruslan Alehno,Hasta la vista,English,17,27
9,2008,2,10,Latvia,Pirates of the Sea,Wolves of the Sea,English,6,86
10,2008,2,11,Croatia,Kraljevi ulice and 75 Cents,Romanca,Croatian,4,112
11,2008,2,12,Bulgaria,Deep Zone and Balthazar,"DJ, Take Me Away",English,11,56
12,2008,2,13,Denmark,Simon Mathew,All Night Long,English,3,112
13,2008,2,14,Georgia,Diana Gurtskaya,Peace Will Come,English,5,107
14,2008,2,15,Hungary,Csézy,Candlelight,"English, Hungarian",19,6
15,2008,2,16,Malta,Morena,Vodka,English,14,38
16,2008,2,17,Cyprus,Evdokia Kadi,Femme Fatale,Greek,15,36
17,2008,2,18,Macedonia,"Tamara, Vrčak and Adrijan",Let Me Love You,English,10,64
18,2008,2,19,Portugal,Vânia Fernandes,Senhora do mar (Negras águas),Portuguese,2,120
0,2009,1,01,Montenegro,Andrea Demirović,Just Get Out of My Life,English,11,44
1,2009,1,02,Czech Republic,Gipsy.cz,Aven Romale,"English, Romani",18,0
2,2009,1,03,Belgium,Copycat,Copycat,English,17,1
3,2009,1,04,Belarus,Petr Elfimov,Eyes That Never Lie,English,13,25
4,2009,1,05,Sweden,Malena Ernman,La voix,"French, English",4,105
5,2009,1,06,Armenia,Inga and Anush,Jan Jan (Ջան Ջան),"English, Armenian",5,99
6,2009,1,07,Andorra,Susanne Georgi,La teva decisió (Get a Life),"Catalan, English",15,8
7,2009,1,08,Switzerland,Lovebugs,The Highest Heights,English,14,15
8,2009,1,09,Turkey,Hadise,Düm Tek Tek,English,2,172
9,2009,1,10,Israel,Noa and Mira Awad,There Must Be Another Way,"English, Hebrew, Arabic",7,75
10,2009,1,11,Bulgaria,Krassimir Avramov,Illusion,English,16,7
11,2009,1,12,Iceland,Yohanna,Is It True?,English,1,174
12,2009,1,13,Macedonia,Next Time,Nešto što kje ostane (Нешто што ќе остане),Macedonian,10,45
13,2009,1,14,Romania,Elena,The Balkan Girls,English,9,67
14,2009,1,15,Finland,Waldo's People,Lose Control,English,12,42
15,2009,1,16,Portugal,Flor-de-Lis,Todas as ruas do amor,Portuguese,8,70
16,2009,1,17,Malta,Chiara,What If We,English,6,86
17,2009,1,18,Bosnia and Herzegovina,Regina,Bistra voda,Bosnian,3,125
0,2009,2,01,Croatia,Igor Cukrov feat. Andrea,Lijepa Tena,Croatian,13,33
1,2009,2,02,Ireland,Sinéad Mulvey and Black Daisy,Et Cetera,English,11,52
2,2009,2,03,Latvia,Intars Busulis,Probka (Пробка),Russian,19,7
3,2009,2,04,Serbia,Marko Kon and Milaan,Cipela (Ципела),Serbian,10,60
4,2009,2,05,Poland,Lidia Kopania,I Don't Wanna Leave,English,12,43
5,2009,2,06,Norway,Alexander Rybak,Fairytale,English,1,201
6,2009,2,07,Cyprus,Christina Metaxa,Firefly,English,14,32
7,2009,2,08,Slovakia,Kamil Mikulčík and Nela Pocisková,Leť tmou,Slovak,18,8
8,2009,2,09,Denmark,Brinck,Believe Again,English,8,69
9,2009,2,10,Slovenia,Quartissimo feat. Martina,Love Symphony,"English, Slovene",16,14
10,2009,2,11,Hungary,Zoli Ádok,Dance with Me,English,15,16
11,2009,2,12,Azerbaijan,AySel and Arash,Always,English,2,180
12,2009,2,13,Greece,Sakis Rouvas,This Is Our Night,English,4,110
13,2009,2,14,Lithuania,Sasha Son,Love,"English, Russian",9,66
14,2009,2,15,Moldova,Nelly Ciobanu,Hora din Moldova,"Romanian, English",5,106
15,2009,2,16,Albania,Kejsi Tola,Carry Me in Your Dreams,English,7,73
16,2009,2,17,Ukraine,Svetlana Loboda,Be My Valentine! (Anti-Crisis Girl),English,6,80
17,2009,2,18,Estonia,Urban Symphony,Rändajad,Estonian,3,115
18,2009,2,19,Netherlands,The Toppers,Shine,English,17,11
0,2010,1,01,Moldova,SunStroke Project and Olia Tira,Run Away,English,10,52
1,2010,1,02,Russia,Peter Nalitch and Friends,Lost and Forgotten,English,7,74
2,2010,1,03,Estonia,Malcolm Lincoln,Siren,English,14,39
3,2010,1,04,Slovakia,Kristína,Horehronie,Slovak,16,24
4,2010,1,05,Finland,Kuunkuiskaajat,Työlki ellää,Finnish,11,49
5,2010,1,06,Latvia,Aisha,What For?,English,17,11
6,2010,1,07,Serbia,Milan Stanković,Ovo je Balkan (Oво je Балкан),Serbian,5,79
7,2010,1,08,Bosnia and Herzegovina,Vukašin Brajić,Thunder and Lightning,English,8,59
8,2010,1,09,Poland,Marcin Mroziński,Legenda,"English, Polish",13,44
9,2010,1,10,Belgium,Tom Dice,Me and My Guitar,English,1,167
10,2010,1,11,Malta,Thea Garrett,My Dream,English,12,45
11,2010,1,12,Albania,Juliana Pasha,It's All About You,English,6,76
12,2010,1,13,Greece,Giorgos Alkaios and Friends,Opa (Ώπα),Greek,2,133
13,2010,1,14,Portugal,Filipa Azevedo,Há dias assim,Portuguese,4,89
14,2010,1,15,Macedonia,Gjoko Taneski,Jas ja imam silata (Јас ја имам силата),Macedonian,15,37
15,2010,1,16,Belarus,3+2 feat. Robert Wells,Butterflies,English,9,59
16,2010,1,17,Iceland,Hera Björk,Je ne sais quoi,English,3,123
0,2010,2,01,Lithuania,InCulto,Eastern European Funk,English,12,44
1,2010,2,02,Armenia,Eva Rivas,Apricot Stone,English,6,83
2,2010,2,03,Israel,Harel Skaat,Milim (מילים),Hebrew,8,71
3,2010,2,04,Denmark,Chanée and N'evergreen,In a Moment like This,English,5,101
4,2010,2,05,Switzerland,Michael von der Heide,Il pleut de l'or,French,17,2
5,2010,2,06,Sweden,Anna Bergendahl,This Is My Life,English,11,62
6,2010,2,07,Azerbaijan,Safura,Drip Drop,English,2,113
7,2010,2,08,Ukraine,Alyosha,Sweet People,English,7,77
8,2010,2,09,Netherlands,Sieneke,Ik ben verliefd (Sha-la-lie),Dutch,14,29
9,2010,2,10,Romania,Paula Seling and  Ovi,Playing with Fire,English,4,104
10,2010,2,11,Slovenia,Ansambel Žlindra and Kalamari,Narodnozabavni rock,Slovene,16,6
11,2010,2,12,Ireland,Niamh Kavanagh,It's for You,English,9,67
12,2010,2,13,Bulgaria,Miro,Angel si ti (Ангел си ти),"Bulgarian, English",15,19
13,2010,2,14,Cyprus,Jon Lilygreen and the Islanders,Life Looks Better in Spring,English,10,67
14,2010,2,15,Croatia,Feminnem,Lako je sve,Croatian,13,33
15,2010,2,16,Georgia,Sofia Nizharadze,Shine,English,3,106
16,2010,2,17,Turkey,Manga,We Could Be the Same,English,1,118
0,2011,1,01,Poland,Magdalena Tul,Jestem,Polish,19,18
1,2011,1,02,Norway,Stella Mwangi,Haba Haba,"English, Swahili",17,30
2,2011,1,03,Albania,Aurela Gaçe,Feel the Passion,English,14,47
3,2011,1,04,Armenia,Emmy,Boom Boom,English,12,54
4,2011,1,05,Turkey,Yüksek Sadakat,Live It Up,English,13,47
5,2011,1,06,Serbia,Nina,Čaroban (Чаробан),Serbian,8,67
6,2011,1,07,Russia,Alexey Vorobyov,Get You,"English, Russian",9,64
7,2011,1,08,Switzerland,Anna Rossinelli,In Love for a While,English,10,55
8,2011,1,09,Georgia,Eldrine,One More Day,English,6,74
9,2011,1,10,Finland,Paradise Oskar,Da Da Dam,English,3,103
10,2011,1,11,Malta,Glen Vella,One Life,English,11,54
11,2011,1,12,San Marino,Senit,Stand By,English,16,34
12,2011,1,13,Croatia,Daria,Celebrate,English,15,41
13,2011,1,14,Iceland,Sjonni's Friends,Coming Home,English,4,100
14,2011,1,15,Hungary,Kati Wolf,What About My Dreams?,"English, Hungarian",7,72
15,2011,1,16,Portugal,Homens da Luta,A luta é alegria,Portuguese,18,22
16,2011,1,17,Lithuania,Evelina Sašenko,C'est ma vie,English,5,81
17,2011,1,18,Azerbaijan,Ell and Nikki,Running Scared,English,2,122
18,2011,1,19,Greece,Loukas Yorkas feat. Stereo Mike,Watch My Dance,"English, Greek",1,133
0,2011,2,01,Bosnia and Herzegovina,Dino Merlin,Love in Rewind,English,5,109
1,2011,2,02,Austria,Nadine Beiler,The Secret Is Love,English,7,69
2,2011,2,03,Netherlands,3JS,Never Alone,English,19,13
3,2011,2,04,Belgium,Witloof Bay,With Love Baby,English,11,53
4,2011,2,05,Slovakia,Twiins,I'm Still Alive,English,13,48
5,2011,2,06,Ukraine,Mika Newton,Angel,English,6,81
6,2011,2,07,Moldova,Zdob și Zdub,So Lucky,English,10,54
7,2011,2,08,Sweden,Eric Saade,Popular,English,1,155
8,2011,2,09,Cyprus,Christos Mylordos,San aggelos s'agapisa (Σαν άγγελος σ'αγάπησα),Greek,18,16
9,2011,2,10,Bulgaria,Poli Genova,Na inat (На инат),Bulgarian,12,48
10,2011,2,11,Macedonia,Vlatko Ilievski,Rusinka (Русинка),"Macedonian, English",16,36
11,2011,2,12,Israel,Dana International,Ding Dong,"Hebrew, English",15,38
12,2011,2,13,Slovenia,Maja Keuc,No One,English,3,112
13,2011,2,14,Romania,Hotel FM,Change,English,4,111
14,2011,2,15,Estonia,Getter Jaani,Rockefeller Street,English,9,60
15,2011,2,16,Belarus,Anastasia Vinnikova,I Love Belarus,English,14,45
16,2011,2,17,Latvia,Musiqq,Angel in Disguise,English,17,25
17,2011,2,18,Denmark,A Friend in London,New Tomorrow,English,2,135
18,2011,2,19,Ireland,Jedward,Lipstick,English,8,68
0,2012,1,01,Montenegro,Rambo Amadeus,Euro Neuro,English,15,20
1,2012,1,02,Iceland,Greta Salóme and Jónsi,Never Forget,English,8,75
2,2012,1,03,Greece,Eleftheria Eleftheriou,Aphrodisiac,English,4,116
3,2012,1,04,Latvia,Anmary,Beautiful Song,English,16,17
4,2012,1,05,Albania,Rona Nishliu,Suus,Albanian,2,146
5,2012,1,06,Romania,Mandinga,Zaleilah,"Spanish, English",3,120
6,2012,1,07,Switzerland,Sinplus,Unbreakable,English,11,45
7,2012,1,08,Belgium,Iris,Would You?,English,17,16
8,2012,1,09,Finland,Pernilla,När jag blundar,Swedish,12,41
9,2012,1,10,Israel,Izabo,Time,"English, Hebrew",13,33
10,2012,1,11,San Marino,Valentina Monetta,The Social Network Song (Oh Oh – Uh - Oh Oh),English,14,31
11,2012,1,12,Cyprus,Ivi Adamou,La La Love,English,7,91
12,2012,1,13,Denmark,Soluna Samay,Should've Known Better,English,9,63
13,2012,1,14,Russia,Buranovskiye Babushki,Party for Everybody,"Udmurt, English",1,152
14,2012,1,15,Hungary,Compact Disco,Sound of Our Hearts,English,10,52
15,2012,1,16,Austria,Trackshittaz,Woki mit deim Popo,German,18,8
16,2012,1,17,Moldova,Pasha Parfeny,Lăutar,English,5,100
17,2012,1,18,Ireland,Jedward,Waterline,English,6,92
0,2012,2,01,Serbia,Željko Joksimović,Nije ljubav stvar (Није љубав ствар),Serbian,2,159
1,2012,2,02,Macedonia,Kaliopi,Crno i belo (Црно и бело),Macedonian,9,53
2,2012,2,03,Netherlands,Joan Franka,You and Me,English,15,35
3,2012,2,04,Malta,Kurt Calleja,This Is the Night,English,7,70
4,2012,2,05,Belarus,Litesound,We Are the Heroes,English,16,35
5,2012,2,06,Portugal,Filipa Sousa,Vida minha,Portuguese,13,39
6,2012,2,07,Ukraine,Gaitana,Be My Guest,English,8,64
7,2012,2,08,Bulgaria,Sofi Marinova,Love Unlimited,Bulgarian,11,45
8,2012,2,09,Slovenia,Eva Boto,Verjamem,Slovene,17,31
9,2012,2,10,Croatia,Nina Badrić,Nebo,Croatian,12,42
10,2012,2,11,Sweden,Loreen,Euphoria,English,1,181
11,2012,2,12,Georgia,Anri Jokhadze,I'm a Joker,"English, Georgian",14,36
12,2012,2,13,Turkey,Can Bonomo,Love Me Back,English,5,80
13,2012,2,14,Estonia,Ott Lepland,Kuula,Estonian,4,100
14,2012,2,15,Slovakia,Max Jason Mai,Don't Close Your Eyes,English,18,22
15,2012,2,16,Norway,Tooji,Stay,English,10,45
16,2012,2,17,Bosnia and Herzegovina,Maya Sar,Korake ti znam,Bosnian,6,77
17,2012,2,18,Lithuania,Donny Montell,Love Is Blind,English,3,104
0,2013,1,01,Austria,Natália Kelly,Shine,English,14,27
1,2013,1,02,Estonia,Birgit,Et uus saaks alguse,Estonian,10,52
2,2013,1,03,Slovenia,Hannah,Straight into Love,English,16,8
3,2013,1,04,Croatia,Klapa s Mora,Mižerja,Croatian,13,38
4,2013,1,05,Denmark,Emmelie de Forest,Only Teardrops,English,1,167
5,2013,1,06,Russia,Dina Garipova,What If,English,2,156
6,2013,1,07,Ukraine,Zlata Ognevich,Gravity,English,3,140
7,2013,1,08,Netherlands,Anouk,Birds,English,6,75
8,2013,1,09,Montenegro,Who See,Igranka (Игранка),Montenegrin,12,41
9,2013,1,10,Lithuania,Andrius Pojavis,Something,English,9,53
10,2013,1,11,Belarus,Alyona Lanskaya,Solayoh,English,7,64
11,2013,1,12,Moldova,Aliona Moon,O mie,Romanian,4,95
12,2013,1,13,Ireland,Ryan Dolan,Only Love Survives,English,8,54
13,2013,1,14,Cyprus,Despina Olympiou,An me thimasai (Aν με θυμάσαι),Greek,15,11
14,2013,1,15,Belgium,Roberto Bellarosa,Love Kills,English,5,75
15,2013,1,16,Serbia,Moje 3,Ljubav je svuda (Љубав је свуда),Serbian,11,46
0,2013,2,01,Latvia,PeR,Here We Go,English,17,13
1,2013,2,02,San Marino,Valentina Monetta,Crisalide (Vola),Italian,11,47
2,2013,2,03,Macedonia,Esma and Lozano,Pred da se razdeni (Пред да се раздени),"Macedonian, Romani",16,28
3,2013,2,04,Azerbaijan,Farid Mammadov,Hold Me,English,1,139
4,2013,2,05,Finland,Krista Siegfrids,Marry Me,English,9,64
5,2013,2,06,Malta,Gianluca,Tomorrow,English,4,118
6,2013,2,07,Bulgaria,Elitsa Todorova and Stoyan Yankoulov,Samo shampioni (Само шампиони),Bulgarian,12,45
7,2013,2,08,Iceland,Eythor Ingi,Ég á líf,Icelandic,6,72
8,2013,2,09,Greece,Koza Mostra feat. Agathon Iakovidis,Alcohol Is Free,Greek,2,121
9,2013,2,10,Israel,Moran Mazor,Rak Bishvilo (רק בשבילו),Hebrew,14,40
10,2013,2,11,Armenia,Dorians,Lonely Planet,English,7,69
11,2013,2,12,Hungary,ByeAlex,Kedvesem (Zoohacker Remix),Hungarian,8,66
12,2013,2,13,Norway,Margaret Berger,I Feed You My Love,English,3,120
13,2013,2,14,Albania,Adrian Lulgjuraj and Bledar Sejko,Identitet,Albanian,15,31
14,2013,2,15,Georgia,Nodi Tatishvili and Sophie Gelovani,Waterfall,English,10,63
15,2013,2,16,Switzerland,Takasa,You and Me,English,13,41
16,2013,2,17,Romania,Cezar,It's My Life,English,5,83
0,2014,1,01,Armenia,Aram Mp3,Not Alone,English,4,121
1,2014,1,02,Latvia,Aarzemnieki,Cake to Bake,English,13,33
2,2014,1,03,Estonia,Tanja,Amazing,English,12,36
3,2014,1,04,Sweden,Sanna Nielsen,Undo,English,2,131
4,2014,1,05,Iceland,Pollapönk,No Prejudice,English,8,61
5,2014,1,06,Albania,Hersi,One Night's Anger,English,15,22
6,2014,1,07,Russia,Tolmachevy Sisters,Shine,English,6,63
7,2014,1,08,Azerbaijan,Dilara Kazimova,Start a Fire,English,9,57
8,2014,1,09,Ukraine,Mariya Yaremchuk,Tick-Tock,English,5,118
9,2014,1,10,Belgium,Axel Hirsoux,Mother,English,14,28
10,2014,1,11,Moldova,Cristina Scarlat,Wild Soul,English,16,13
11,2014,1,12,San Marino,Valentina Monetta,Maybe,English,10,40
12,2014,1,13,Portugal,Suzy,Quero ser tua,Portuguese,11,39
13,2014,1,14,Netherlands,The Common Linnets,Calm After the Storm,English,1,150
14,2014,1,15,Montenegro,Sergej Ćetković,Moj svijet (Мој свијет),Montenegrin,7,63
15,2014,1,16,Hungary,András Kállay-Saunders,Running,English,3,127
0,2014,2,01,Malta,Firelight,Coming Home,English,9,63
1,2014,2,02,Israel,Mei Finegold,Same Heart,"English, Hebrew",14,19
2,2014,2,03,Norway,Carl Espen,Silent Storm,English,6,77
3,2014,2,04,Georgia,The Shin and Mariko,Three Minutes to Earth,English,15,15
4,2014,2,05,Poland,Donatan and Cleo,My Słowianie – We Are Slavic,"Polish, English",8,70
5,2014,2,06,Austria,Conchita Wurst,Rise Like a Phoenix,English,1,169
6,2014,2,07,Lithuania,Vilija,Attention,English,11,36
7,2014,2,08,Finland,Softengine,Something Better,English,3,97
8,2014,2,09,Ireland,Can-linn feat. Kasey Smith,Heartbeat,English,12,35
9,2014,2,10,Belarus,Teo,Cheesecake,English,5,87
10,2014,2,11,Macedonia,Tijana,To the Sky,English,13,33
11,2014,2,12,Switzerland,Sebalter,Hunter of Stars,English,4,92
12,2014,2,13,Greece,Freaky Fortune feat. RiskyKidd,Rise Up,English,7,74
13,2014,2,14,Slovenia,Tinkara Kovač,Round and Round,"English, Slovene",10,52
14,2014,2,15,Romania,Paula Seling and Ovi,Miracle,English,2,125
0,2015,1,01,Moldova,Eduard Romanyuta,I Want Your Love,English,11,41
1,2015,1,02,Armenia,Genealogy,Face the Shadow,English,7,77
2,2015,1,03,Belgium,Loïc Nottet,Rhythm Inside,English,2,149
3,2015,1,04,Netherlands,Trijntje Oosterhuis,Walk Along,English,14,33
4,2015,1,05,Finland,Pertti Kurikan Nimipäivät,Aina mun pitää,Finnish,16,13
5,2015,1,06,Greece,Maria Elena Kyriakou,One Last Breath,English,6,81
6,2015,1,07,Estonia,Elina Born and Stig Rästa,Goodbye to Yesterday,English,3,105
7,2015,1,08,Macedonia,Daniel Kajmakoski,Autumn Leaves,English,15,28
8,2015,1,09,Serbia,Bojana Stamenov,Beauty Never Lies,English,9,63
9,2015,1,10,Hungary,Boggie,Wars for Nothing,English,8,67
10,2015,1,11,Belarus,Uzari and Maimuna,Time,English,12,39
11,2015,1,12,Russia,Polina Gagarina,A Million Voices,English,1,182
12,2015,1,13,Denmark,Anti Social Media,The Way You Are,English,13,33
13,2015,1,14,Albania,Elhaida Dani,I'm Alive,English,10,62
14,2015,1,15,Romania,Voltaj,De la capăt,"Romanian, English",5,89
15,2015,1,16,Georgia,Nina Sublatti,Warrior,English,4,98
0,2015,2,01,Lithuania,Monika Linkytė and Vaidas Baumila,This Time,English,7,67
1,2015,2,02,Ireland,Molly Sterling,Playing with Numbers,English,12,35
2,2015,2,03,San Marino,Anita Simoncini and Michele Perniola,Chain of Lights,English,16,11
3,2015,2,04,Montenegro,Knez,Adio (Адио),Montenegrin,9,57
4,2015,2,05,Malta,Amber,Warrior,English,11,43
5,2015,2,06,Norway,Mørland and Debrah Scarlett,A Monster Like Me,English,4,123
6,2015,2,07,Portugal,Leonor Andrade,Há um mar que nos separa,Portuguese,14,19
7,2015,2,08,Czech Republic,Marta Jandová and Václav Noid Bárta,Hope Never Dies,English,13,33
8,2015,2,09,Israel,Nadav Guedj,Golden Boy,English,3,151
9,2015,2,10,Latvia,Aminata,Love Injected,English,2,155
10,2015,2,11,Azerbaijan,Elnur Hüseynov,Hour of the Wolf,English,10,53
11,2015,2,12,Iceland,Maria Olafs,Unbroken,English,15,14
12,2015,2,13,Sweden,Måns Zelmerlöw,Heroes,English,1,217
13,2015,2,14,Switzerland,Mélanie René,Time to Shine,English,17,4
14,2015,2,15,Cyprus,John Karayiannis,One Thing I Should Have Done,English,6,87
15,2015,2,16,Slovenia,Maraaya,Here for You,English,5,92
16,2015,2,17,Poland,Monika Kuszyńska,In the Name of Love,English,8,57
0,2016,1,01,Finland,Sandhja,Sing It Away,English,15,51
1,2016,1,02,Greece,Argo,Utopian Land,"English, Greek",16,44
2,2016,1,03,Moldova,Lidia Isac,Falling Stars,English,17,33
3,2016,1,04,Hungary,Freddie,Pioneer,English,4,197
4,2016,1,05,Croatia,Nina Kraljić,Lighthouse,English,10,133
5,2016,1,06,Netherlands,Douwe Bob,Slow Down,English,5,197
6,2016,1,07,Armenia,Iveta Mukuchyan,LoveWave,English,2,243
7,2016,1,08,San Marino,Serhat,I Didn't Know,English,12,68
8,2016,1,09,Russia,Sergey Lazarev,You Are the Only One,English,1,342
9,2016,1,10,Czech Republic,Gabriela Gunčíková,I Stand,English,9,161
10,2016,1,11,Cyprus,Minus One,Alter Ego,English,8,164
11,2016,1,12,Austria,Zoë,Loin d'ici,French,7,170
12,2016,1,13,Estonia,Jüri Pootsmann,Play,English,18,24
13,2016,1,14,Azerbaijan,Samra,Miracle,English,6,185
14,2016,1,15,Montenegro,Highway,The Real Thing,English,13,60
15,2016,1,16,Iceland,Greta Salóme,Hear Them Calling,English,14,51
16,2016,1,17,Bosnia and Herzegovina,Dalal and Deen feat. Ana Rucner and Jala,Ljubav je,Bosnian,11,104
17,2016,1,18,Malta,Ira Losco,Walk on Water,English,3,209
0,2016,2,01,Latvia,Justs,Heartbeat,English,8,132
1,2016,2,02,Poland,Michał Szpak,Color of Your Life,English,6,151
2,2016,2,03,Switzerland,Rykka,The Last of Our Kind,English,18,28
3,2016,2,04,Israel,Hovi Star,Made of Stars,English,7,147
4,2016,2,05,Belarus,Ivan,Help You Fly,English,12,84
5,2016,2,06,Serbia,Sanja Vučić ZAA,Goodbye (Shelter),English,10,105
6,2016,2,07,Ireland,Nicky Byrne,Sunlight,English,15,46
7,2016,2,08,Macedonia,Kaliopi,Dona (Дона),Macedonian,11,88
8,2016,2,09,Lithuania,Donny Montell,I've Been Waiting for This Night,English,4,222
9,2016,2,10,Australia,Dami Im,Sound of Silence,English,1,330
10,2016,2,11,Slovenia,ManuElla,Blue and Red,English,14,57
11,2016,2,12,Bulgaria,Poli Genova,If Love Was a Crime,"English, Bulgarian",5,220
12,2016,2,13,Denmark,Lighthouse X,Soldiers of Love,English,17,34
13,2016,2,14,Ukraine,Jamala,1944,"English, Crimean Tatar",2,287
14,2016,2,15,Norway,Agnete,Icebreaker,English,13,63
15,2016,2,16,Georgia,Nika Kocharov and Young Georgian Lolitaz,Midnight Gold,English,9,123
16,2016,2,17,Albania,Eneda Tarifa,Fairytale,English,16,45
17,2016,2,18,Belgium,Laura Tesoro,What's the Pressure,English,3,274
0,2017,1,01,Sweden,Robin Bengtsson,I Can't Go On,English,3,227
1,2017,1,02,Georgia,Tamara Gachechiladze,Keep the Faith,English,11,99
2,2017,1,03,Australia,Isaiah,Don't Come Easy,English,6,160
3,2017,1,04,Albania,Lindita,World,English,14,76
4,2017,1,05,Belgium,Blanche,City Lights,English,4,165
5,2017,1,06,Montenegro,Slavko Kalezić,Space,English,16,56
6,2017,1,07,Finland,Norma John,Blackbird,English,12,92
7,2017,1,08,Azerbaijan,Dihaj,Skeletons,English,8,150
8,2017,1,09,Portugal,Salvador Sobral,Amar pelos dois,Portuguese,1,370
9,2017,1,10,Greece,Demy,This Is Love,English,10,115
10,2017,1,11,Poland,Kasia Moś,Flashlight,English,9,119
11,2017,1,12,Moldova,SunStroke Project,Hey Mamma,English,2,291
12,2017,1,13,Iceland,Svala,Paper,English,15,60
13,2017,1,14,Czech Republic,Martina Bárta,My Turn,English,13,83
14,2017,1,15,Cyprus,Hovig,Gravity,English,5,164
15,2017,1,16,Armenia,Artsvik,Fly with Me,English,7,152
16,2017,1,17,Slovenia,Omar Naber,On My Way,English,17,36
17,2017,1,18,Latvia,Triana Park,Line,English,18,21
0,2017,2,01,Serbia,Tijana Bogićević,In Too Deep,English,11,98
1,2017,2,02,Austria,Nathan Trent,Running on Air,English,7,147
2,2017,2,03,Macedonia,Jana Burčeska,Dance Alone,English,15,69
3,2017,2,04,Malta,Claudia Faniello,Breathlessly,English,16,55
4,2017,2,05,Romania,Ilinca feat. Alex Florea,Yodel It!,English,6,174
5,2017,2,06,Netherlands,O'G3NE,Lights and Shadows,English,4,200
6,2017,2,07,Hungary,Joci Pápai,Origo,Hungarian,2,231
7,2017,2,08,Denmark,Anja,Where I Am,English,10,101
8,2017,2,09,Ireland,Brendan Murray,Dying to Try,English,13,86
9,2017,2,10,San Marino,Valentina Monetta and Jimmie Wilson,Spirit of the Night,English,18,1
10,2017,2,11,Croatia,Jacques Houdek,My Friend,"English, Italian",8,141
11,2017,2,12,Norway,Jowst,Grab the Moment,English,5,189
12,2017,2,13,Switzerland,Timebelle,Apollo,English,12,97
13,2017,2,14,Belarus,Naviband,Story of My Life,Belarusian,9,110
14,2017,2,15,Bulgaria,Kristian Kostov,Beautiful Mess,English,1,403
15,2017,2,16,Lithuania,Fusedmarc,Rain of Revolution,English,17,42
16,2017,2,17,Estonia,Koit Toome and Laura,Verona,English,14,85
17,2017,2,18,Israel,Imri,I Feel Alive,English,3,207
0,2018,1,01,Azerbaijan,Aisel,X My Heart,English,11,94
1,2018,1,02,Iceland,Ari Ólafsson,Our Choice,English,19,15
2,2018,1,03,Albania,Eugent Bushpepa,Mall,Albanian,8,162
3,2018,1,04,Belgium,Sennek,A Matter of Time,English,12,91
4,2018,1,05,Czech Republic,Mikolas Josef,Lie to Me,English,3,232
5,2018,1,06,Lithuania,Ieva Zasimauskaitė,When We're Old,English,9,119
6,2018,1,07,Israel,Netta,Toy,English,1,283
7,2018,1,08,Belarus,Alekseev,Forever,English,16,65
8,2018,1,09,Estonia,Elina Nechayeva,La forza,Italian,5,201
9,2018,1,10,Bulgaria,Equinox,Bones,English,7,177
10,2018,1,11,Macedonia,Eye Cue,Lost and Found,English,18,24
11,2018,1,12,Croatia,Franka,Crazy,English,17,63
12,2018,1,13,Austria,Cesár Sampson,Nobody but You,English,4,231
13,2018,1,14,Greece,Yianna Terzi,Oniro mou (Όνειρό μου),Greek,14,81
14,2018,1,15,Finland,Saara Aalto,Monsters,English,10,108
15,2018,1,16,Armenia,Sevak Khanagyan,Qami (Քամի),Armenian,15,79
16,2018,1,17,Switzerland,Zibbz,Stones,English,13,86
17,2018,1,18,Ireland,Ryan O'Shaughnessy,Together,English,6,179
18,2018,1,19,Cyprus,Eleni Foureira,Fuego,English,2,262
0,2018,2,01,Norway,Alexander Rybak,That's How You Write a Song,English,1,266
1,2018,2,02,Romania,The Humans,Goodbye,English,11,107
2,2018,2,03,Serbia,Sanja Ilić and Balkanika,Nova deca (Нова деца),Serbian,9,117
3,2018,2,04,San Marino,Jessika feat. Jenifer Brening,Who We Are,English,17,28
4,2018,2,05,Denmark,Rasmussen,Higher Ground,English,5,204
5,2018,2,06,Russia,Julia Samoylova,I Won't Break,English,15,65
6,2018,2,07,Moldova,DoReDoS,My Lucky Day,English,3,235
7,2018,2,08,Netherlands,Waylon,Outlaw in 'Em,English,7,174
8,2018,2,09,Australia,Jessica Mauboy,We Got Love,English,4,212
9,2018,2,10,Georgia,Ethno-Jazz Band Iriao,For You,Georgian,18,24
10,2018,2,11,Poland,Gromee feat. Lukas Meijer,Light Me Up,English,14,81
11,2018,2,12,Malta,Christabelle,Taboo,English,13,101
12,2018,2,13,Hungary,AWS,Viszlát nyár,Hungarian,10,111
13,2018,2,14,Latvia,Laura Rizzotto,Funny Girl,English,12,106
14,2018,2,15,Sweden,Benjamin Ingrosso,Dance You Off,English,2,254
15,2018,2,16,Montenegro,Vanja Radovanović,Inje (Иње),Montenegrin,16,40
16,2018,2,17,Slovenia,Lea Sirk,"Hvala, ne!",Slovene,8,132
17,2018,2,18,Ukraine,Mélovin,Under the Ladder,English,6,179
0,2019,1,01,Cyprus,Tamta,Replay,English,9,149
1,2019,1,02,Montenegro,D mol,Heaven,English,16,46
2,2019,1,03,Finland,Darude feat. Sebastian Rejman,Look Away,English,17,23
3,2019,1,04,Poland,Tulia,Fire of Love (Pali się),"Polish, English",11,120
4,2019,1,05,Slovenia,Zala Kralj and Gašper Šantl,Sebi,Slovene,6,167
5,2019,1,06,Czech Republic,Lake Malawi,Friend of a Friend,English,2,242
6,2019,1,07,Hungary,Joci Pápai,Az én apám,Hungarian,12,97
7,2019,1,08,Belarus,Zena,Like It,English,10,122
8,2019,1,09,Serbia,Nevena Božović,Kruna (Круна),Serbian,7,156
9,2019,1,10,Belgium,Eliot,Wake Up,English,13,70
10,2019,1,11,Georgia,Oto Nemsadze,Keep On Going,Georgian,14,62
11,2019,1,12,Australia,Kate Miller-Heidke,Zero Gravity,English,1,261
12,2019,1,13,Iceland,Hatari,Hatrið mun sigra,Icelandic,3,221
13,2019,1,14,Estonia,Victor Crone,Storm,English,4,198
14,2019,1,15,Portugal,Conan Osíris,Telemóveis,Portuguese,15,51
15,2019,1,16,Greece,Katerine Duska,Better Love,English,5,185
16,2019,1,17,San Marino,Serhat,Say Na Na Na,English,8,150
0,2019,2,01,Armenia,Srbuk,Walking Out,English,16,49
1,2019,2,02,Ireland,Sarah McTernan,22,English,18,16
2,2019,2,03,Moldova,Anna Odobescu,Stay,English,12,85
3,2019,2,04,Switzerland,Luca Hänni,She Got Me,English,4,232
4,2019,2,05,Latvia,Carousel,That Night,English,15,50
5,2019,2,06,Romania,Ester Peony,On a Sunday,English,13,71
6,2019,2,07,Denmark,Leonora,Love Is Forever,"English, French",10,94
7,2019,2,08,Sweden,John Lundvik,Too Late for Love,English,3,238
8,2019,2,09,Austria,Pænda,Limits,English,17,21
9,2019,2,10,Croatia,Roko,The Dream,"English, Croatian",14,64
10,2019,2,11,Malta,Michela,Chameleon,English,8,157
11,2019,2,12,Lithuania,Jurij Veklenko,Run with the Lions,English,11,93
12,2019,2,13,Russia,Sergey Lazarev,Scream,English,6,217
13,2019,2,14,Albania,Jonida Maliqi,Ktheju tokës,Albanian,9,96
14,2019,2,15,Norway,Keiino,Spirit in the Sky,English,7,210
15,2019,2,16,Netherlands,Duncan Laurence,Arcade,English,1,280
16,2019,2,17,Macedonia,Tamara Todevska,Proud,English,2,239
17,2019,2,18,Azerbaijan,Chingiz,Truth,English,5,224
0,2021,1,01,Lithuania,The Roop,Discoteque,English,4,203
1,2021,1,02,Slovenia,Ana Soklič,Amen,English,13,44
2,2021,1,03,Russia,Manizha,Russian Woman,"Russian, English",3,225
3,2021,1,04,Sweden,Tusse,Voices,English,7,142
4,2021,1,05,Australia,Montaigne,Technicolour,English,14,28
5,2021,1,06,Macedonia,Vasil,Here I Stand,English,15,23
6,2021,1,07,Ireland,Lesley Roy,Maps,English,16,20
7,2021,1,08,Cyprus,Elena Tsagrinou,El Diablo,English,6,170
8,2021,1,09,Norway,Tix,Fallen Angel,English,10,115
9,2021,1,10,Croatia,Albina,Tick-Tock,"English, Croatian",11,110
10,2021,1,11,Belgium,Hooverphonic,The Wrong Place,English,9,117
11,2021,1,12,Israel,Eden Alene,Set Me Free,English,5,192
12,2021,1,13,Romania,Roxen,Amnesia,English,12,85
13,2021,1,14,Azerbaijan,Efendi,Mata Hari,English,8,138
14,2021,1,15,Ukraine,Go_A,Shum (Шум),Ukrainian,2,267
15,2021,1,16,Malta,Destiny,Je me casse,English,1,325
0,2021,2,01,San Marino,Senhit,Adrenalina,English,9,118
1,2021,2,02,Estonia,Uku Suviste,The Lucky One,English,13,58
2,2021,2,03,Czech Republic,Benny Cristo,Omaga,English,15,23
3,2021,2,04,Greece,Stefania,Last Dance,English,6,184
4,2021,2,05,Austria,Vincent Bueno,Amen,English,12,66
5,2021,2,06,Poland,Rafał,The Ride,English,14,35
6,2021,2,07,Moldova,Natalia Gordienko,Sugar,English,7,179
7,2021,2,08,Iceland,Daði og Gagnamagnið,10 Years,English,2,288
8,2021,2,09,Serbia,Hurricane,Loco Loco,Serbian,8,124
9,2021,2,10,Georgia,Tornike Kipiani,You,English,16,16
10,2021,2,11,Albania,Anxhela Peristeri,Karma,Albanian,10,112
11,2021,2,12,Portugal,The Black Mamba,Love Is on My Side,English,4,239
12,2021,2,13,Bulgaria,Victoria,Growing Up Is Getting Old,English,3,250
13,2021,2,14,Finland,Blind Channel,Dark Side,English,5,234
14,2021,2,15,Latvia,Samanta Tīna,The Moon Is Rising,English,17,14
15,2021,2,16,Switzerland,Gjon's Tears,Tout l'univers,French,1,291
16,2021,2,17,Denmark,Fyr og Flamme,Øve os på hinanden,Danish,11,89
0,2022,1,01,Albania,Ronela Hajati,Sekret,"Albanian, English",12,58
1,2022,1,02,Latvia,Citi Zēni,Eat Your Salad,English,14,55
2,2022,1,03,Lithuania,Monika Liu,Sentimentai,Lithuanian,7,159
3,2022,1,04,Switzerland,Marius Bear,Boys Do Cry,English,9,118
4,2022,1,05,Slovenia,LPS,Disko,Slovene,17,15
5,2022,1,06,Ukraine,Kalush Orchestra,Stefania (Стефанія),Ukrainian,1,337
6,2022,1,07,Bulgaria,Intelligent Music Project,Intention,English,16,29
7,2022,1,08,Netherlands,S10,De diepte,Dutch,2,221
8,2022,1,09,Moldova,Zdob și Zdub and Advahov Brothers,Trenulețul,"Romanian, English",8,154
9,2022,1,10,Portugal,Maro,"Saudade, saudade","English, Portuguese",4,208
10,2022,1,11,Croatia,Mia Dimšić,Guilty Pleasure,"English, Croatian",11,75
11,2022,1,12,Denmark,Reddi,The Show,English,13,55
12,2022,1,13,Austria,Lumix feat. Pia Maria,Halo,English,15,42
13,2022,1,14,Iceland,Systur,Með hækkandi sól,Icelandic,10,103
14,2022,1,15,Greece,Amanda Georgiadi Tenfjord,Die Together,English,3,211
15,2022,1,16,Norway,Subwoolfer,Give That Wolf a Banana,English,6,177
16,2022,1,17,Armenia,Rosa Linn,Snap,English,5,187
0,2022,2,01,Finland,The Rasmus,Jezebel,English,7,162
1,2022,2,02,Israel,Michael Ben David,I.M,English,13,61
2,2022,2,03,Serbia,Konstrakta,In corpore sano,"Serbian, Latin",3,237
3,2022,2,04,Azerbaijan,Nadir Rustamli,Fade to Black,English,10,96
4,2022,2,05,Georgia,Circus Mircus,Lock Me In,English,18,22
5,2022,2,06,Malta,Emma Muscat,I Am What I Am,English,16,47
6,2022,2,07,San Marino,Achille Lauro,Stripper,"Italian, English",14,50
7,2022,2,08,Australia,Sheldon Riley,Not the Same,English,2,243
8,2022,2,09,Cyprus,Andromache,Ela (Έλα),"English, Greek",12,63
9,2022,2,10,Ireland,Brooke,That's Rich,English,15,47
10,2022,2,11,Macedonia,Andrea,Circles,English,11,76
11,2022,2,12,Estonia,Stefan,Hope,English,5,209
12,2022,2,13,Romania,WRS,Llámame,"English, Spanish",9,118
13,2022,2,14,Poland,Ochman,River,English,6,198
14,2022,2,15,Montenegro,Vladana,Breathe,"English, Italian",17,33
15,2022,2,16,Belgium,Jérémie Makiese,Miss You,English,8,151
16,2022,2,17,Sweden,Cornelia Jakobs,Hold Me Closer,English,1,396
17,2022,2,18,Czech Republic,We Are Domi,Lights Off,English,4,227
